1,2,3,4,5,6,7,8,9,10,11,12,13,14,15,16,17,18
sphere3D_-0.5_92.2_95.4_74.0_0.csv,296,9.346257735277294e7,5.497686771562526e7,5.497172296070601e7,1.0,5.898555664820572e6,3.9085850553791654e8,3.908357825119214e8,1.0,5.895812868132057e6,4.4095766509489083e8,4.409332217340734e8,1.0,5.899485405536565e6,3.4186998830369897e6,3.4184709487862936e6,1.0
sphere3D_-10.4_-92.6_-52.2_80.0_0.csv,981,2.625971448573246e7,2.5781743119594455e8,2.5779364757261774e8,1.0,2.5150404210358303e7,1.0525055351763055e9,1.0524363409506662e9,1.0,2.5163512071282405e7,7.75170219717829e8,7.751213721480354e8,1.0,2.5331238767140724e7,8.913538937033033e6,8.912888238406854e6,1.0
sphere3D_-11.8_-75.7_66.2_93.0_0.csv,394,1.3372138642117223e7,1.2862492377699858e8,1.286142539223793e8,1.0,1.2942512441393837e7,2.966748309561494e8,2.9665494263068384e8,1.0,1.2936391332416799e7,3.021302436811161e8,3.021074049600598e8,1.0,1.5505399386391835e7,3.816934768810456e6,3.816708806940751e6,1.0
sphere3D_-14.5_-42.7_87.6_135.0_0.csv,670,5.076270909701182e7,4.515338424822475e8,4.515095683170024e8,1.0,4.980389081979897e7,2.7468740838061875e8,2.7465097178482693e8,1.0,4.9609020245808445e7,1.2510939627120793e9,1.251040558738364e9,1.0,4.9865519276030354e7,9.637341790735897e6,9.63707718888636e6,1.0
sphere3D_-15.4_-38.1_56.2_129.0_0.csv,274,1.6428182922618184e7,1.446830434575019e8,1.4467379768888932e8,1.0,1.621247165515682e7,9.609540709934841e7,9.608057117549823e7,1.0,1.6151625690170683e7,2.578799516655522e8,2.578592199061441e8,1.0,1.6161271262831984e7,3.0610190565618863e6,3.0609400364975473e6,1.0
sphere3D_-16.6_87.8_20.3_18.0_0.csv,652,914086.5645429145,5.97142805932086e7,5.9701374557246484e7,1.0,898157.9457971831,2.5945533557282805e8,2.594000292869191e8,1.0,906135.3196598206,6.531998718917857e7,6.5307086903138354e7,1.0,900103.7784307752,2.887866436538716e6,2.8872374538866607e6,1.0
sphere3D_-17.2_-58.0_-56.2_147.0_0.csv,128,9.66363137180831e6,1.0082360724248236e8,1.0081869685730226e8,1.0,9.550314278321827e6,1.8778165072585636e8,1.8777474299746197e8,1.0,9.54102080702233e6,2.2414982395267403e8,2.2413965506564042e8,1.0,9.537950032599675e6,1.886394842608242e6,1.8863563458224074e6,1.0
sphere3D_-19.7_-89.8_-62.6_64.0_0.csv,198,3.1038862444611536e6,5.9151948182072245e7,5.9146323621522844e7,1.0,3.069596640868697e6,1.8196867705756462e8,1.8195406259849113e8,1.0,3.0696596130125094e6,1.4895616803943783e8,1.4894509482615286e8,1.0,3.074284939900681e6,1.6832416733703925e6,1.6830891684946173e6,1.0
sphere3D_-20.0_36.3_58.5_132.0_0.csv,623,4.24298284761687e7,3.986225711340735e8,3.9860047528421587e8,1.0,4.218462372789288e7,5.2531341842397195e8,5.252849197585761e8,1.0,4.198731999513451e7,8.483492749039032e8,8.483041269057583e8,1.0,4.197884901549269e7,7.379494240011818e6,7.379308877186474e6,1.0
sphere3D_-21.7_-24.9_-70.8_119.0_0.csv,97,5.211225297114263e6,5.452945303878205e7,5.452617470822631e7,1.0,5.222062922118583e6,5.831451259031148e7,5.831079452867653e7,1.0,5.163923209523268e6,1.3118543488136631e8,1.3117871592565614e8,1.0,5.1706835630848855e6,1.0370230616744476e6,1.0369875874241433e6,1.0
sphere3D_-23.9_-76.3_2.6_32.0_0.csv,50,175417.33309143913,6.165242120862375e6,6.163871769578973e6,1.0,174293.53534689444,1.5628120394245155e7,1.5624758842475446e7,1.0,268512.37804335007,389869.98901961144,388932.541421979,1.0,175201.0131633348,193030.23697278995,192986.59597268418,1.0
sphere3D_-24.1_-6.4_-18.3_68.0_0.csv,504,1.0521346893723441e7,7.262341305468786e7,7.261207495591195e7,1.0,1.2699451146312134e7,2.4569319866148278e7,2.455321502971551e7,1.0,1.0561501333106117e7,5.42414329533753e7,5.421999679270287e7,1.0,1.0468370833739467e7,1.5836323954533536e6,1.5834828879163717e6,1.0
sphere3D_-26.6_-60.5_-75.3_27.0_0.csv,471,1.3931478525528708e6,8.605741609977211e7,8.60430515119303e7,1.0,1.3865117594681238e6,1.6934422841280475e8,1.6931736006158096e8,1.0,1.3845205016796084e6,2.143847294672227e8,2.1435123123625854e8,1.0,1.384945639197974e6,2.607255642273819e6,2.6068143486403776e6,1.0
sphere3D_-27.0_5.7_-31.5_43.0_0.csv,496,3.600174647117498e6,4.161513673873974e7,4.160290092009229e7,1.0,4.414979605954129e6,317419.83093146066,246269.39995543438,1.0,3.5905605378742567e6,4.506658981507923e7,4.5052832789341375e7,1.0,2.2129330190966826e7,1.0147876945314315e6,1.0145061031765831e6,1.0
sphere3D_-27.5_-38.7_97.6_110.0_0.csv,74,2.7609333259241562e6,5.193653344867527e7,5.193373115647026e7,1.0,2.7582167556462656e6,2.3062306570582822e7,2.305940117816917e7,1.0,2.7480740452862405e6,1.2661832855136672e8,1.2661248645192714e8,1.0,1.254204327793366e7,930502.9481002514,930463.0237859352,1.0
sphere3D_-29.3_-7.9_-7.7_57.0_0.csv,618,7.33047673929638e6,7.503044509517105e7,7.50155935712154e7,1.0,8.118761347669311e6,1.9802466582885794e7,1.9786792642247487e7,1.0,7.753976461753264e6,2.3174709675706297e7,2.3144260967382133e7,1.0,7.353969153673056e6,1.5239657232295307e6,1.523736559601892e6,1.0
sphere3D_-31.7_-57.1_-78.8_90.0_0.csv,572,1.863989537592655e7,3.172771870617258e8,3.17255374496989e8,1.0,1.8595286392165996e7,4.805676697144635e8,4.805408090236588e8,1.0,1.8562117607194606e7,6.947766689341235e8,6.947380691050816e8,1.0,1.9019431463255484e7,5.659947764264065e6,5.659599574130865e6,1.0
sphere3D_-32.0_88.6_-73.2_149.0_0.csv,564,4.993589350161583e7,7.710045265031788e8,7.709783356510462e8,1.0,4.9750988854302675e7,1.0070920313665355e9,1.0070586467719902e9,1.0,4.9737119210225396e7,9.764240732144715e8,9.763761348551955e8,1.0,5.02425658293227e7,1.0839317348845663e7,1.0839064391381338e7,1.0
sphere3D_-32.8_-12.0_95.9_21.0_0.csv,983,1.8339664950944514e6,2.0697518214834058e8,2.0693984194419548e8,1.0,1.9308627060102604e6,5.6862010805628546e7,5.6850483351605445e7,1.0,1.8263123820280135e6,5.44034730344474e8,5.439439287184174e8,1.0,1.8296641685901547e6,5.475623006612159e6,5.474677331193386e6,1.0
sphere3D_-33.8_-90.6_-69.2_39.0_0.csv,598,3.8858758070686706e6,2.104308385593989e8,2.1040761044156203e8,1.0,3.8722872962206034e6,4.7648501344499123e8,4.7643519625074816e8,1.0,3.8717383260351648e6,3.8838068591690564e8,3.8834214718120295e8,1.0,3.872887893404707e6,4.854661019693291e6,4.854116601415407e6,1.0
sphere3D_-34.5_-37.6_93.5_23.0_0.csv,305,619106.2052652647,7.44862758706105e7,7.447472324320142e7,1.0,620035.2808075323,6.774291691577783e7,6.773192254099302e7,1.0,617064.1954969564,1.79899100194435e8,1.7987172676182684e8,1.0,618409.4380775564,1.8610659595622336e6,1.8607736541084936e6,1.0
sphere3D_-34.7_-27.7_52.9_37.0_0.csv,952,5.301779388220559e6,1.4503901378652796e8,1.4500503267169943e8,1.0,5.334774821052978e6,8.002162491580674e7,7.999964074021317e7,1.0,5.28790488632996e6,1.9392576422041756e8,1.9388259206993628e8,1.0,5.35101494071862e6,3.184940787041425e6,3.1841748737321817e6,1.0
sphere3D_-35.3_-92.4_-81.0_52.0_0.csv,138,1.3233968440109766e6,6.614144400714114e7,6.613572104157328e7,1.0,1.3198499689879746e6,1.4260341803374767e8,1.425920727555166e8,1.0,1.3194529771155636e6,1.348573812868842e8,1.3484722292323625e8,1.0,1.319974315738013e6,1.3695968738556423e6,1.3694767995817962e6,1.0
sphere3D_-37.5_1.7_0.4_135.0_0.csv,176,1.1929981806743756e7,1.5145589133236432e8,1.514491971928596e8,1.0,4.751552019361473e7,4.843402503826133e6,4.709161376145434e6,1.0,1.5705837464857584e8,3.5274440887007583e6,3.0312827690274827e6,1.0,1.1897662947692852e7,1.9201319413247388e6,1.9200966686600707e6,1.0
sphere3D_-38.5_50.2_-32.5_88.0_0.csv,224,5.386266904324888e6,1.0467951038818215e8,1.0467108620930803e8,1.0,5.385613505977155e6,8.765340959726219e7,8.764537858481774e7,1.0,5.387973346828198e6,5.8398594529714465e7,5.8386584704934925e7,1.0,5.517966706693469e6,1.5937653895979594e6,1.5936577235181988e6,1.0
sphere3D_-39.5_64.7_-20.9_55.0_0.csv,431,5.559272154128818e6,1.2242883348561238e8,1.2241167559710635e8,1.0,5.552310221163978e6,1.554166503849546e8,1.5539533172296014e8,1.0,5.595024693459874e6,3.836015742951481e7,3.8347240582581565e7,1.0,5.687876872406182e6,2.183259690527399e6,2.1829517911955374e6,1.0
sphere3D_-39.9_-91.8_15.7_83.0_0.csv,343,8.782828970994962e6,2.0263054030274835e8,2.0261573187524056e8,1.0,8.765483000408284e6,3.37886167279869e8,3.3786331260735786e8,1.0,8.882894541485915e6,1.4849013552058507e7,1.4791244983473495e7,1.0,9.030947754502065e6,3.1858325116254585e6,3.1856110825963286e6,1.0
sphere3D_-4.0_-88.3_36.3_56.0_0.csv,196,3.574784718097989e6,1.9726095609997574e7,1.972309126844542e7,1.0,2.6868240840941975e6,1.1527049146579826e8,1.1525688870814112e8,1.0,2.692549428515018e6,4.1849520744041406e7,4.184279395208905e7,1.0,2.7147194783085296e6,1.213591894667986e6,1.2134435067285302e6,1.0
sphere3D_-40.1_-6.9_37.7_8.0_0.csv,834,225862.47086900665,5.769927976977764e7,5.766510284044244e7,1.0,258748.38350961532,9.0896557537648e6,9.083976793393444e6,1.0,225785.18053093564,5.263137290756114e7,5.2600497615203634e7,1.0,226754.41406937284,1.3695392100339183e6,1.3687216080923015e6,1.0
sphere3D_-41.6_-61.5_-17.7_86.0_0.csv,548,1.6228260418853799e7,2.7639511846694857e8,2.7637302651893914e8,1.0,1.6216780972261325e7,3.290249534779866e8,3.2900033933446294e8,1.0,1.6385483911758592e7,1.6972251640865514e8,1.6969962136147946e8,1.0,1.7455385800998855e7,4.042329682164271e6,4.042044057071842e6,1.0
sphere3D_-42.5_-76.2_36.2_125.0_0.csv,35,1.436455882856615e6,3.646499818727434e7,3.646343026245178e7,1.0,1.4350763474894792e6,4.094920300702868e7,4.094740031590661e7,1.0,1.4364821259294297e6,1.682016675083573e7,1.6816729330009554e7,1.0,1.4428160430773299e6,467465.6581688929,467450.2599422626,1.0
sphere3D_-42.5_-98.0_42.8_91.0_0.csv,514,1.690133476232954e7,4.038005846720221e8,4.037764591229207e8,1.0,1.68699517557596e7,6.419455697685103e8,6.419090523543906e8,1.0,1.689245943005546e7,2.4169223109753388e8,2.4166644628150526e8,1.0,1.724726630317205e7,5.949821940988265e6,5.949483381647967e6,1.0
sphere3D_-42.8_-34.4_-20.5_16.0_0.csv,743,875185.2448412153,7.019788088754946e7,7.016555080969761e7,1.0,879118.3611771486,5.359245718400301e7,5.3568377163150236e7,1.0,881900.4996100602,3.394294161280685e7,3.39284100335895e7,1.0,878810.899130016,1.4814788149733334e6,1.4807820890568555e6,1.0
sphere3D_-42.8_-96.0_12.3_86.0_0.csv,980,3.211857609535693e7,6.660942989322999e8,6.660493725404787e8,1.0,3.2054168570012037e7,1.099605777913444e9,1.0995371765717473e9,1.0,3.29482937395439e7,8.457428584890278e6,7.502020003410787e6,1.0,3.30933714242329e7,9.875828582587663e6,9.875192215661012e6,1.0
sphere3D_-42.8_2.6_-49.1_110.0_0.csv,370,1.8994249331201315e7,2.6408970091193524e8,2.6407478550996846e8,1.0,4.5388743275306225e7,4.288598605124632e7,4.285802334949228e7,1.0,1.8974530182195365e7,2.7416819056443244e8,2.741455079207095e8,1.0,1.899833904191254e7,3.3975956633784543e6,3.39745899789553e6,1.0
sphere3D_-43.4_58.1_47.2_132.0_0.csv,429,2.904648682782106e7,4.8494682077183753e8,4.849271645953876e8,1.0,2.9040053939565375e7,5.3650927317794627e8,5.364875276361887e8,1.0,2.9024223741712943e7,5.618044613045204e8,5.617746982330508e8,1.0,2.9038255322171856e7,5.863644042867476e6,5.863476123695313e6,1.0
sphere3D_-43.6_52.0_8.9_117.0_0.csv,35,2.186756118688781e6,2.84869050591566e7,2.848547895538359e7,1.0,2.187267780866332e6,2.564403494217135e7,2.5642536334838487e7,1.0,2.2972827119997256e6,1.1460921263513992e7,1.1457390593004424e7,1.0,2.18691217803723e6,358817.27777850465,358804.66732511343,1.0
sphere3D_-46.2_73.9_68.3_131.0_0.csv,14,863868.9771347556,1.8337592403769556e7,1.833691454709491e7,1.0,863004.1646136376,2.4471780855567258e7,2.44709801052411e7,1.0,862494.8549785079,2.8280492213881534e7,2.8279451200142078e7,1.0,870849.1636450372,223464.58556762835,223457.81133184306,1.0
sphere3D_-46.5_44.8_-35.8_11.0_0.csv,717,343434.4266228155,1.0232195948181547e8,1.0228764806514171e8,1.0,343922.02311658964,9.343018799795042e7,9.339868508905159e7,1.0,343694.6512201677,7.488830040660624e7,7.486316973464173e7,1.0,344663.28703622776,2.0775067843651113e6,2.0768045204997375e6,1.0
sphere3D_-47.0_-60.2_99.1_108.0_0.csv,784,3.926486056370377e7,8.963474841205683e8,8.963067606930203e8,1.0,3.926513016676524e7,6.064140000778838e8,6.063786823941922e8,1.0,3.9189360743044466e7,1.463215849647799e9,1.463152177038768e9,1.0,4.076587687185149e7,1.1560128457562886e7,1.1559640746250264e7,1.0
sphere3D_-47.2_62.6_46.2_127.0_0.csv,790,5.0795585781878576e7,9.131200914629096e8,9.13082216374938e8,1.0,5.078766223698724e7,1.0137545024185939e9,1.0137136523422475e9,1.0,5.077938850495558e7,9.865495620818777e8,9.864976947517115e8,1.0,5.088136569644127e7,1.0651464781468494e7,1.0651126129997779e7,1.0
sphere3D_-47.6_-32.1_89.1_93.0_0.csv,238,8.668427392244363e6,1.9452964864037147e8,1.9451793243343648e8,1.0,8.719321963163726e6,5.415606471125269e7,5.414804352449396e7,1.0,8.65355049182581e6,3.062082857904639e8,3.061909842171069e8,1.0,9.14635588531715e6,2.590604606432961e6,2.5904568750479724e6,1.0
sphere3D_-48.8_14.7_5.4_62.0_0.csv,305,5.2587322514156345e6,8.506780899745537e7,8.50556059830913e7,1.0,5.458424413245034e6,2.3399799293865904e7,2.3393240923117947e7,1.0,6.04906890540511e6,1.3946551387397606e7,1.3929846299222631e7,1.0,5.638820188278806e6,1.1826118917752148e6,1.1824515831876057e6,1.0
sphere3D_-5.5_68.2_46.7_100.0_0.csv,79,3.724724926366438e6,1.8942903626380503e7,1.894086082770956e7,1.0,3.231263906455572e6,6.851834728688675e7,6.851443954940408e7,1.0,3.231486593335547e6,6.3653832868758336e7,6.364961248622366e7,1.0,3.2711178510696734e6,676100.2314113261,676065.477570415,1.0
sphere3D_-50.3_-36.7_61.7_83.0_0.csv,504,1.4309468515175171e7,3.149808902574928e8,3.149567408056686e8,1.0,1.4368644465631997e7,1.2888294736171113e8,1.288673599653285e8,1.0,1.4296335555588122e7,3.295737870725993e8,3.295466159085663e8,1.0,2.1374929965133287e7,4.115012172910592e6,4.114711131208891e6,1.0
sphere3D_-51.1_-13.6_-4.9_14.0_0.csv,790,628771.2438645357,7.25654206644581e7,7.252504045141675e7,1.0,654068.8423528492,1.858762433912605e7,1.857738006225191e7,1.0,735515.6324452581,7.367733531207766e6,7.363533480854298e6,1.0,633188.2093903436,1.3119512164337416e6,1.3112062417819758e6,1.0
sphere3D_-51.1_-88.9_13.2_56.0_0.csv,292,3.3917359314017147e6,1.4778730501752463e8,1.477719519002338e8,1.0,3.3890709836414875e6,2.1250047408989888e8,2.124790104144389e8,1.0,3.455908212594714e6,1.485495355922404e7,1.4843776163356004e7,1.0,3.406835935804616e6,2.195782776971653e6,2.195548872847704e6,1.0
sphere3D_-51.6_-50.7_47.6_23.0_0.csv,628,1.2886813487175952e6,1.5534221470456573e8,1.5530868703096548e8,1.0,1.2901629275360776e6,1.3673809781834993e8,1.3670803851778013e8,1.0,1.288596107803469e6,1.3150337769896106e8,1.3147508011065528e8,1.0,1.2929179716734923e6,2.6852302836118857e6,2.6846396184286955e6,1.0
sphere3D_-52.9_2.5_61.6_26.0_0.csv,166,469160.9405162683,3.9181201583818e7,3.917225472636476e7,1.0,1.128357088118384e6,3.377414137370402e6,3.37678982633469e6,1.0,468822.09418084665,4.354176540642991e7,4.353228087128496e7,1.0,470024.67629633215,650734.2806419964,650581.9388536379,1.0
sphere3D_-53.0_-17.6_62.9_45.0_0.csv,292,2.581536485778973e6,9.86399229534115e7,9.862466247763832e7,1.0,2.649813199399895e6,1.928082214564866e7,1.927589702019858e7,1.0,2.5794662563998266e6,1.0884861396592441e8,1.0883275027094513e8,1.0,2.5978153647400276e6,1.4751272052764525e6,1.4748912837690855e6,1.0
sphere3D_-53.2_76.2_43.1_12.0_0.csv,869,514578.05965367943,2.6563432049207693e8,2.6558650409789068e8,1.0,514376.9417756948,3.6519067701110405e8,3.6512529095545447e8,1.0,514787.4173422053,2.0967312369422162e8,2.0963609096364608e8,1.0,514504.21330460376,4.742371613855512e6,4.741513731259069e6,1.0
sphere3D_-56.9_98.3_-43.6_146.0_0.csv,403,3.738933517782471e7,8.015469222381158e8,8.015231092714511e8,1.0,3.7361727731068455e7,9.027035266164362e8,9.026765509024282e8,1.0,3.7412822058259614e7,3.2556019417463857e8,3.255166448312303e8,1.0,3.8012394553873494e7,7.990657266531703e6,7.990461281728046e6,1.0
sphere3D_-57.3_-58.2_-72.4_108.0_0.csv,588,2.6812273685513273e7,6.989591616195831e8,6.989261456603849e8,1.0,2.683549852606707e7,6.712275755563315e8,6.711987307656904e8,1.0,2.6793590690923687e7,9.060299150329125e8,9.059903725309747e8,1.0,1.1172480614601345e8,7.703662420608428e6,7.70332449210105e6,1.0
sphere3D_-57.3_71.3_19.5_43.0_0.csv,526,4.0864820032470543e6,2.144828472312851e8,2.1445258091516766e8,1.0,4.086825222084873e6,2.403615662106447e8,2.403289842287795e8,1.0,4.1245393433908504e6,8.642921713012284e7,8.64183258697678e7,1.0,4.0997427703314004e6,3.061462405501045e6,3.0610163379380056e6,1.0
sphere3D_-57.4_-23.2_7.8_26.0_0.csv,790,2.1141312395759197e6,1.3578991291538697e8,1.3574583628130803e8,1.0,2.1419209442344806e6,4.9778086956472315e7,4.976159509931819e7,1.0,2.2544019414512613e6,1.5025424539269077e7,1.5017092539997669e7,1.0,2.13208502487409e6,2.0578502414113039e6,2.0571586819832756e6,1.0
sphere3D_-57.9_-51.2_18.7_120.0_0.csv,240,1.445622814965043e7,2.7701610835580754e8,2.77003841799107e8,1.0,1.4479792108854113e7,1.733374069649849e8,1.7332685323709714e8,1.0,1.4601592998621775e7,4.223476621102432e7,4.218915172703682e7,1.0,1.4506439989775585e7,2.8388805532311667e6,2.838780032787198e6,1.0
sphere3D_-58.5_-74.9_44.0_16.0_0.csv,548,554920.5502821569,1.988491557094389e8,1.9881594341181812e8,1.0,554923.8100108181,2.3969253130469158e8,2.3965235273912504e8,1.0,555277.6484221912,1.4037568256105796e8,1.403521009913533e8,1.0,555969.1141232295,3.184659934581982e6,3.184123697808277e6,1.0
sphere3D_-58.9_-54.1_0.2_111.0_0.csv,494,2.395712321969015e7,5.103849135169374e8,5.1035942941351044e8,1.0,2.3988152377749454e7,3.6840058776171714e8,3.683790340117646e8,1.0,2.9186208092920275e9,8.069128730150777e7,8.061960796221873e7,1.0,2.4110547711636867e7,5.303602701443757e6,5.303379036595839e6,1.0
sphere3D_-59.7_-7.7_7.3_29.0_0.csv,737,2.480916175982697e6,1.3503964702152e8,1.3499778835306892e8,1.0,2.7900188439916903e6,1.5059594631598031e7,1.5053190491640426e7,1.0,2.657432817758327e6,1.5100950095927283e7,1.5092370752020415e7,1.0,2.506122782931079e6,1.935927299568663e6,1.9353031066412898e6,1.0
sphere3D_-59.9_-27.4_-8.9_5.0_0.csv,719,70967.78129570777,1.0052372364943738e8,1.004801210432682e8,1.0,71429.31554215026,4.510253403008237e7,4.508299292459449e7,1.0,73522.22487000824,1.4771145513589958e7,1.4764804111034976e7,1.0,71167.38212273917,1.6441184064776173e6,1.6434035126931283e6,1.0
sphere3D_-60.8_-99.3_76.8_98.0_0.csv,54,2.162307159949603e6,7.548810605666018e7,7.54846951905294e7,1.0,2.161105778502456e6,8.752520085577263e7,8.752115652645068e7,1.0,2.160739657458108e6,7.331224964859971e7,7.33085889286521e7,1.0,2.1783643642270295e6,852488.3639805658,852450.0556709843,1.0
sphere3D_-60.9_-36.9_41.5_82.0_0.csv,185,4.506439993157698e6,1.2835131524076962e8,1.2834134224393009e8,1.0,4.52458109065968e6,5.1973515939946994e7,5.1967734538032666e7,1.0,4.51029261971851e6,7.44753854760474e7,7.446698438252108e7,1.0,1.036438505326605e8,1.4441695384558062e6,1.444060591016826e6,1.0
sphere3D_-62.9_3.6_28.5_91.0_0.csv,871,3.0277234062556133e7,6.473924270291798e8,6.47347321966546e8,1.0,4.771615086244584e7,8.30567608010163e7,8.301495535152835e7,1.0,3.0393864599814758e7,3.024673374026516e8,3.024236271872421e8,1.0,3.0690132487795893e7,6.746909074022188e6,6.746482878337856e6,1.0
sphere3D_-64.1_-88.1_-28.5_89.0_0.csv,567,1.69722822269551e7,6.008230506862993e8,6.007878719806703e8,1.0,1.6969973259225905e7,7.052213471810194e8,7.051830062081941e8,1.0,1.7031126406066116e7,3.4839770343796986e8,3.4837532707853687e8,1.0,1.7199734656526063e7,6.527956823160854e6,6.527576116673173e6,1.0
sphere3D_-64.1_10.2_-3.7_142.0_0.csv,975,8.0035432756099e7,1.5539852543084617e9,1.5539332822219973e9,1.0,8.628450354372862e7,1.718422213378858e8,1.7169730966675213e8,1.0,1.0306258700822827e8,3.9925554665642e7,3.8379598874644995e7,1.0,8.002078793977633e7,1.3770190421173576e7,1.3769880411341779e7,1.0
sphere3D_-65.0_-41.6_89.4_22.0_0.csv,522,1.031581399647738e6,2.770471081128094e8,2.770118125198415e8,1.0,1.0351953211574128e6,1.603737124514953e8,1.6035265059116486e8,1.0,1.0308941875734065e6,3.5978615581878006e8,3.597408838791154e8,1.0,1.0326672747479489e6,3.9269187498411164e6,3.9264129649356008e6,1.0
sphere3D_-68.0_-50.9_-67.6_115.0_0.csv,14,575249.5784553343,2.0294650760265026e7,2.029379984596338e7,1.0,576066.4864322084,1.4986614496062284e7,1.498599881497177e7,1.0,575072.6081840849,2.212074692057993e7,2.2119793801196393e7,1.0,629560.3509442088,196604.53754157893,196596.86131176827,1.0
sphere3D_-68.6_-8.5_-84.0_129.0_0.csv,696,4.5120870027364686e7,1.23995254338472e9,1.239908589740153e9,1.0,4.99605245090752e7,3.625005056134508e8,3.624723373148395e8,1.0,4.5100189105103105e7,1.4549941323811007e9,1.454939925108211e9,1.0,4.572148065648475e7,1.1220902566812752e7,1.1220549838132942e7,1.0
sphere3D_-7.9_23.3_23.3_49.0_0.csv,959,9.12378938114511e6,3.622004746410083e7,3.6206776488578014e7,1.0,8.631387520021033e6,6.834022861062951e7,6.832143823057194e7,1.0,8.572704727054331e6,8.190384479383786e7,8.187838868199645e7,1.0,8.641252995923439e6,1.7812577250224554e6,1.780890213995598e6,1.0
sphere3D_-70.5_-29.7_1.8_38.0_0.csv,237,1.2525980610116513e6,8.342361929655719e7,8.340772386553824e7,1.0,1.2617397894843037e6,3.2138596296136606e7,3.2132380287590012e7,1.0,2.66774753449366e6,475267.5834786671,435516.7705851999,1.0,1.2606236951778973e6,999812.9062853778,999614.6800140839,1.0
sphere3D_-71.4_85.1_-80.6_103.0_0.csv,178,6.017549293483077e6,2.9717999347639596e8,2.971673929734002e8,1.0,6.0182610491702985e6,2.4778370166697878e8,2.4777237723123607e8,1.0,6.015905933141088e6,2.6916057011461174e8,2.691480266145989e8,1.0,6.067340296256625e6,2.8932529125661836e6,2.893130515611767e6,1.0
sphere3D_-75.9_-13.1_31.6_95.0_0.csv,200,8.276754142478884e6,2.1042740397586298e8,2.1041475911446217e8,1.0,8.730488151705986e6,1.668919656793512e7,1.6676357880513886e7,1.0,8.306368668105516e6,8.285764976911043e7,8.284722789918308e7,1.0,8.80960713987369e6,1.9003468466938182e6,1.9002375313933822e6,1.0
sphere3D_-75.9_-30.5_-44.4_78.0_0.csv,537,1.3239717405677361e7,4.7927943025371987e8,4.7924315468692946e8,1.0,1.334082665563267e7,2.0270776875194228e8,2.0269196503682157e8,1.0,1.3255419269191965e7,3.038459018663995e8,3.038219744173965e8,1.0,1.3651431967842026e7,4.636797195967109e6,4.636441311009462e6,1.0
sphere3D_-76.5_-18.8_-25.7_139.0_0.csv,329,2.747756306905856e7,6.344732395345857e8,6.344526271515976e8,1.0,2.8110805980019636e7,1.6543992762789625e8,1.654207615394189e8,1.0,2.7631053070389323e7,2.4219548625419053e8,2.421636341670113e8,1.0,2.75111927555177e7,5.046503985355629e6,5.0463728675623685e6,1.0
sphere3D_-77.0_-70.7_-81.9_65.0_0.csv,533,8.60475717140107e6,6.150032167685323e8,6.149618525006522e8,1.0,8.611070863286722e6,5.363263130499258e8,5.362934259547724e8,1.0,8.602849428268578e6,6.546911903742034e8,6.546522029120432e8,1.0,8.60985617011705e6,6.385261057078467e6,6.384817800502983e6,1.0
sphere3D_-77.2_7.9_-51.4_97.0_0.csv,272,1.0499830412881708e7,3.226740708265919e8,3.2265602424376297e8,1.0,1.1840529754061125e7,5.111952660475586e6,5.038285841170948e6,1.0,1.0507052070495201e7,2.0958843924862343e8,2.0957376161105245e8,1.0,1.6322327440722365e7,2.888078409426598e6,2.887921535100326e6,1.0
sphere3D_-78.1_77.0_-32.1_121.0_0.csv,904,5.0697840718086146e7,1.6966731225062876e9,1.6966095876727233e9,1.0,5.072413060518548e7,1.2522237938313885e9,1.2521725063648458e9,1.0,5.084678400726099e7,4.1797946457487684e8,4.17899028937929e8,1.0,6.099886125571952e7,1.4325403013219364e7,1.4324897830877518e7,1.0
sphere3D_-78.7_-44.7_59.2_143.0_0.csv,980,8.127025498691976e7,2.292586453676728e9,2.292518789437629e9,1.0,8.153237375460419e7,7.366497608821077e8,7.365973325029848e8,1.0,8.129845710638228e7,1.4404921384255219e9,1.4404132866793349e9,1.0,8.175551480035587e7,1.8089688592854723e7,1.8089227365973808e7,1.0
sphere3D_-80.7_83.6_51.3_123.0_0.csv,500,3.1082251573435735e7,1.0717128779084744e9,1.0716755958181951e9,1.0,3.109487194895681e7,9.950135447498387e8,9.949808567026869e8,1.0,3.1106754881109253e7,8.051953024190723e8,8.051644436506504e8,1.0,4.466197557418317e7,8.865446877117962e6,8.865150758475527e6,1.0
sphere3D_-82.5_21.5_-95.5_41.0_0.csv,310,2.0350679127375977e6,2.842002326098865e8,2.841741196739011e8,1.0,2.0675271817259642e6,5.513084342212773e7,5.512453098334977e7,1.0,2.0345167471293001e6,3.1033925479369885e8,3.103117994575842e8,1.0,2.0372457901005223e6,3.020632257622397e6,3.020347824993797e6,1.0
sphere3D_-84.0_30.4_-72.2_36.0_0.csv,495,2.7206960319950054e6,3.687063626525016e8,3.686643332134835e8,1.0,2.7434810973925185e6,1.1192320441648135e8,1.119091859319548e8,1.0,2.7208664934167657e6,3.0056372821387136e8,3.005303992256413e8,1.0,2.725858826769549e6,3.904873210683656e6,3.9044171913799406e6,1.0
sphere3D_-85.2_83.7_36.1_74.0_0.csv,453,1.0299646974893939e7,5.858190202368028e8,5.857817921590347e8,1.0,1.0304512521883592e7,5.2408780210027754e8,5.240563320552843e8,1.0,1.0324599207565727e7,2.907646903078107e8,2.9074741739974046e8,1.0,1.033099653493267e7,5.37595355680528e6,5.375600417741521e6,1.0
sphere3D_-86.1_96.0_16.3_98.0_0.csv,808,2.9356183007190764e7,1.4345373277244022e9,1.4344719661507404e9,1.0,2.9361935763923682e7,1.3842580604613187e9,1.3841977006674824e9,1.0,2.9754436300920084e7,4.463965966567558e8,4.463641274233811e8,1.0,2.960399551476146e7,1.2148429704865223e7,1.2147868142600046e7,1.0
sphere3D_-86.2_-55.2_-60.1_65.0_0.csv,725,1.1572077577195676e7,8.050507254838716e8,8.049904201097858e8,1.0,1.1593360157823503e7,5.02756506464657e8,5.027217724040793e8,1.0,1.1576966852823284e7,5.852795938310429e8,5.852400962994362e8,1.0,1.1593990873007802e7,7.50378993504373e6,7.503206725924494e6,1.0
sphere3D_-86.6_21.5_50.7_91.0_0.csv,271,8.117276769573121e6,3.575340732721981e8,3.5751347236201286e8,1.0,8.239481780395449e6,1.0489882512289041e8,1.0489130104775767e8,1.0,8.123858422745453e6,2.2092040915141785e8,2.2090648639292157e8,1.0,8.486395110809064e6,3.0001376538242046e6,2.9999632669174112e6,1.0
sphere3D_-89.0_82.8_59.9_18.0_0.csv,851,1.0209604351512692e6,7.707318335233724e8,7.706540593338206e8,1.0,1.0214722700778089e6,6.923801289469126e8,6.923108003350923e8,1.0,1.0214288829212065e6,5.0817557483559436e8,5.081253490729375e8,1.0,1.0212150810119652e6,8.245505519940562e6,8.2446682308932e6,1.0
sphere3D_-9.1_-82.5_-5.2_57.0_0.csv,556,7.7907134225912085e6,6.44090362477264e7,6.439873163961518e7,1.0,7.360212822389372e6,2.776938186864133e8,2.776589532277373e8,1.0,8.518978828458944e6,5.6730478061359026e7,5.671883861390084e7,1.0,7.475474941726298e6,2.8870503938092412e6,2.886660343432185e6,1.0
sphere3D_-9.4_-25.6_-7.3_128.0_0.csv,388,2.2087320905843794e7,1.3788944674451253e8,1.378769499797827e8,1.0,2.1328787410354793e7,1.40749123774083e8,1.407267521702101e8,1.0,2.2405540921088383e7,8.966237870930246e7,8.958918479738022e7,1.0,2.112447261266385e7,3.4379462817994887e6,3.4379014678841415e6,1.0
sphere3D_-9.7_-54.5_-62.6_29.0_0.csv,210,671263.7497912964,1.3535047602559106e7,1.3531948450832123e7,1.0,641154.6770660188,5.050603910606863e7,5.049560714254376e7,1.0,640197.4691833884,6.016213123690073e7,6.015004729597423e7,1.0,640501.5616663173,833769.1955660831,833580.3732737835,1.0
sphere3D_-92.1_-25.9_-15.4_41.0_0.csv,504,3.8577862426861203e6,3.383156682352251e8,3.3827071308917695e8,1.0,3.908842493234988e6,9.153518105551523e7,9.152313831623454e7,1.0,3.926838816867299e6,6.1436883039423406e7,6.142804305002145e7,1.0,3.871361005513129e6,3.1967070161109134e6,3.1962668964715633e6,1.0
sphere3D_-92.3_31.2_-82.3_111.0_0.csv,812,3.941521754023616e7,1.7353890346065392e9,1.7353211410561283e9,1.0,3.970851412257726e7,2.894041467904683e8,2.8937034744137853e8,1.0,3.94156388939173e7,1.4329508580621033e9,1.4328914319758456e9,1.0,4.072183029428328e7,1.3361256854803763e7,1.3360734990299713e7,1.0
sphere3D_-92.6_69.3_-62.0_85.0_0.csv,973,2.643685928124279e7,1.6293452486134658e9,1.62925978434457e9,1.0,2.64640019094138e7,9.505410001218333e8,9.50486806908913e8,1.0,2.64485434735097e7,9.33730210136281e8,9.336750815744194e8,1.0,2.6576050459719215e7,1.3519748401188912e7,1.3519016951974044e7,1.0
sphere3D_-93.1_96.1_50.0_64.0_0.csv,892,1.443562302341151e7,1.3572001667420697e9,1.357117099616384e9,1.0,1.44400499196629e7,1.2907712004249978e9,1.2906960302418766e9,1.0,1.4450448066453928e7,7.813002454330249e8,7.812579985568653e8,1.0,1.4450176914150124e7,1.2054506033523971e7,1.2053743276326159e7,1.0
sphere3D_-94.0_-55.7_28.9_127.0_0.csv,526,3.581572353238633e7,1.243243360752612e9,1.2432012422215078e9,1.0,3.589139160958592e7,5.542162970453038e8,5.541908489193394e8,1.0,3.597223887914261e7,2.6394306299863952e8,2.6389178827994657e8,1.0,3.7532000883361526e7,8.934459592166286e6,8.934172347221354e6,1.0
sphere3D_-97.4_-93.1_80.4_21.0_0.csv,157,307929.119579015,2.0815193319180205e8,2.0813621417381218e8,1.0,308071.2266210966,1.8910729702524698e8,1.8909293797347236e8,1.0,307967.49780260166,1.6443475456975257e8,1.6442234188925788e8,1.0,308231.5400128691,2.0316248383059811e6,2.0314704200151188e6,1.0
sphere3D_-98.2_-0.5_17.2_124.0_0.csv,351,1.914149527117351e7,7.736042710281788e8,7.735762882132106e8,1.0,5.39941242830229e8,1.9719555176166795e7,1.962760378429425e7,1.0,1.9361184707084727e7,1.3754809348595116e8,1.3751082859794405e8,1.0,1.9344927220613122e7,5.34608188899967e6,5.345900163003361e6,1.0
sphere3D_0.0_76.7_1.6_84.0_0.csv,470,1.3019849025313717e10,5.40315384823821e7,5.402139324784288e7,1.0,1.1706073323960103e7,2.9763507466582596e8,2.976114588781395e8,1.0,2.921900101733617e7,7.080883164579345e7,7.078375597964051e7,1.0,1.3367309751784196e7,3.039812548219471e6,3.0395873943487983e6,1.0
sphere3D_0.8_86.2_-24.3_33.0_0.csv,163,1.4314603945747452e7,4.595684027052085e6,4.594592088793047e6,1.0,592479.9695129616,6.699560702127856e7,6.6983059644089915e7,1.0,595136.414311772,1.6548333395571642e7,1.6544564955207584e7,1.0,595076.5806206261,744071.6314674463,743927.3594825749,1.0
sphere3D_1.7_15.3_78.8_31.0_0.csv,909,9.262301901742602e6,1.6013676502977531e7,1.6008483652001526e7,1.0,3.491450141384752e6,7.211774461705142e7,7.210438007747886e7,1.0,3.381773866847951e6,3.022420451457632e8,3.0217783849598926e8,1.0,3.38754989579624e6,3.35664973494662e6,3.355853817129405e6,1.0
sphere3D_11.0_-18.4_61.3_75.0_0.csv,658,1.5146095605241783e7,7.074866287170384e6,7.029387796545211e6,1.0,1.4903205139124878e7,1.7936512014923673e7,1.7898697031102385e7,1.0,1.4580762808609582e7,2.877253447847527e8,2.8769277203357e8,1.0,1.5508144744146155e7,3.121704586236487e6,3.1214188754686303e6,1.0
sphere3D_12.4_-91.8_77.4_69.0_0.csv,210,3.8781805372362877e6,1.6324348152465483e6,1.618598815203749e6,1.0,3.7722482519510738e6,1.8607737868196055e8,1.8606232373545942e8,1.0,3.7712282308204337e6,1.7049191902640194e8,1.7047825594139776e8,1.0,3.790800354923905e6,1.9907755567947135e6,1.9906158577312247e6,1.0
sphere3D_13.8_-48.3_-66.0_77.0_0.csv,531,1.1867001566801624e7,976800.9137842754,721118.3686885927,1.0,1.16269576093001e7,2.4806596155955726e8,2.480453462128729e8,1.0,1.1599856781739322e7,3.5860080373158467e8,3.5857114559590185e8,1.0,1.2407192965552617e7,3.281725120506151e6,3.281437816712343e6,1.0
sphere3D_15.7_-16.5_-61.9_121.0_0.csv,384,2.3858283600915793e7,1.677262387545268e7,1.6728645250653757e7,1.0,2.4075363396393493e7,1.6743920176550835e8,1.674227700115478e8,1.0,2.3396876159043357e7,4.140298512562328e8,4.1400367242067593e8,1.0,2.3394080576056637e7,3.4952359126865603e6,3.495147322447292e6,1.0
sphere3D_19.5_-85.6_-71.8_135.0_0.csv,326,2.383102801856009e7,2.0589839715843804e7,2.0549622997054677e7,1.0,2.3557097426310193e7,6.522552851704015e8,6.522344089227376e8,1.0,2.3549638021058295e7,6.924154616647027e8,6.923909443944107e8,1.0,2.3690893035547536e7,4.889530088636193e6,4.889393375337025e6,1.0
sphere3D_20.1_86.8_-33.3_77.0_0.csv,642,1.5136162544351317e7,3.3312562194461856e7,3.3302334794789024e7,1.0,1.497359646856701e7,4.504044830952998e8,4.503663160734318e8,1.0,1.501059392401131e7,1.34179418206571e8,1.341507670108277e8,1.0,1.5517180736234654e7,4.600761711036452e6,4.600373691506599e6,1.0
sphere3D_21.1_74.3_67.8_19.0_0.csv,819,1.1356367268028732e6,7.633187928451398e7,7.631840084671277e7,1.0,1.1255151339000196e6,3.374646079795755e8,3.3740569319751716e8,1.0,1.1249147149657265e6,3.140749861029797e8,3.140211430681562e8,1.0,1.1250004885157626e6,4.402300828816802e6,4.401508473612577e6,1.0
sphere3D_21.1_95.5_-23.7_126.0_0.csv,501,3.332548477944836e7,1.6980134415457982e6,1.6429861507964267e6,1.0,3.298565599992234e7,7.376993541219721e8,7.376697246397926e8,1.0,3.319804974860844e7,5.2829535217528865e7,5.264918926026025e7,1.0,3.340290722167904e7,6.235625490273755e6,6.235430004813606e6,1.0
sphere3D_21.3_68.4_81.7_87.0_0.csv,749,2.145916407406901e7,4.487377478221881e7,4.485793660821319e7,1.0,2.1279295441600136e7,6.888454521271118e8,6.888050820067306e8,1.0,2.1257181429966707e7,8.97602738809077e8,8.975510373070189e8,1.0,2.1365526483677577e7,6.965259797245942e6,6.96480203561105e6,1.0
sphere3D_22.9_-1.2_4.2_25.0_0.csv,550,1.3991219852783785e6,6.1669524504512595e6,6.162032190327385e6,1.0,8.513018191336188e6,137245.49349950554,88037.97063373747,1.0,1.7087947738657307e6,1.700407954320258e6,1.6879655277924174e6,1.0,2.8441855489444598e6,256920.2161915368,256725.88580656692,1.0
sphere3D_24.2_-97.7_43.6_123.0_0.csv,270,1.6761698401091687e7,1.3313400410479542e7,1.328701479431108e7,1.0,1.6632616341351068e7,3.971401702727021e8,3.9712385338192564e8,1.0,1.6653501015917147e7,1.4281282458760646e8,1.4278972624542347e8,1.0,1.756966712309645e7,3.4989893548515937e6,3.498870015199645e6,1.0
sphere3D_25.5_3.6_5.9_128.0_0.csv,861,5.7370995684808806e7,6.299066694213533e7,6.2923839672300726e7,1.0,9.478788416705383e7,5.795577595216429e7,5.773942996194748e7,1.0,6.32879665957762e7,9.512097528284292e7,9.478964589832756e7,1.0,5.695603277026922e7,6.767341958620758e6,6.767339116453217e6,1.0
sphere3D_25.7_-18.1_99.7_142.0_0.csv,943,7.449291750641294e7,4.0208335189551465e7,4.0015929388325214e7,1.0,7.568915870252109e7,1.3367087386787985e8,1.335409522023669e8,1.0,7.399433452251287e7,2.255303615701072e9,2.2552221960261045e9,1.0,7.422763704803921e7,1.3938406191259954e7,1.393807721970721e7,1.0
sphere3D_26.0_-3.4_94.0_98.0_0.csv,207,7.392239449619629e6,2.0634059497994848e7,2.062969144118241e7,1.0,1.2580156728269171e7,3.860921846904339e7,3.860362683395711e7,1.0,7.347012922778493e6,2.686667557762649e8,2.686514476648407e8,1.0,1.2750965318490024e8,1.871464619985171e6,1.8713628911257396e6,1.0
sphere3D_26.5_74.7_-93.7_71.0_0.csv,592,1.156802910971929e7,8.132371636642377e7,8.13167998658395e7,1.0,1.1507470443114024e7,4.128284395885233e8,4.127943085308527e8,1.0,1.1496716650015643e7,6.198418021902926e8,6.197960745542345e8,1.0,1.1553278362985592e7,5.713267822101288e6,5.712823827640001e6,1.0
sphere3D_26.8_-27.7_-74.7_125.0_0.csv,703,4.341746658821062e7,6.173150783890072e7,6.1690479513537906e7,1.0,4.356694175032818e7,4.884222414162244e8,4.8839310422949445e8,1.0,4.315652068551623e7,1.0456584006524872e9,1.0456075030073814e9,1.0,4.3189572740259714e7,7.480178068092676e6,7.47996838575754e6,1.0
sphere3D_27.2_2.8_96.7_135.0_0.csv,657,5.270468141068049e7,5.474074617188714e7,5.468574053026982e7,1.0,1.0869366048352286e8,3.223286200813193e8,3.222991681777072e8,1.0,5.235445542083668e7,1.4390545711614635e9,1.438999871804589e9,1.0,5.251507049022367e7,8.792934263008846e6,8.792704480493305e6,1.0
sphere3D_29.2_-90.0_-66.6_16.0_0.csv,802,833377.1880385987,1.4080088147329348e8,1.4078053656065625e8,1.0,829461.6557232155,4.939026202286332e8,4.938317049821167e8,1.0,829386.070999615,3.7063070512622637e8,3.705782638253266e8,1.0,829384.3281704731,5.395409652635855e6,5.3946223942539245e6,1.0
sphere3D_3.0_45.9_52.6_107.0_0.csv,568,4.441689239121959e7,8.640887962409838e7,8.63914570178982e7,1.0,2.7325939568729926e7,3.713635867443004e8,3.71340429240257e8,1.0,2.7258023067558285e7,4.8921254227179384e8,4.891790968175917e8,1.0,2.7275691976935856e7,4.6039765658186255e6,4.603791813360225e6,1.0
sphere3D_3.6_-72.9_1.5_106.0_0.csv,424,2.627622998633916e7,6.197891272689339e7,6.196588833556077e7,1.0,1.897769631776568e7,3.3853837654676574e8,3.385184645701966e8,1.0,4.7820016549429074e7,7.728517865012504e7,7.723988207221279e7,1.0,1.9071195194539566e7,3.4804692381472676e6,3.4803226324759703e6,1.0
sphere3D_31.7_79.8_-76.9_106.0_0.csv,291,1.4124384844690377e7,5.237030545814033e7,5.236484242274103e7,1.0,1.406901125052693e7,2.70783403967268e8,2.707684246578511e8,1.0,1.4060276253723877e7,3.19434599857021e8,3.1941539844373345e8,1.0,1.601172859540678e7,3.3617377394581353e6,3.361582086516142e6,1.0
sphere3D_34.4_75.6_48.2_116.0_0.csv,473,2.5768106461540792e7,9.408893067382678e7,9.407833933605528e7,1.0,2.5698513988672677e7,5.72025562275348e8,5.719997802436504e8,1.0,2.5706648928573694e7,5.1380468943720096e8,5.1377598276967025e8,1.0,2.5891847972796954e7,4.9672308619079655e6,4.967047647427036e6,1.0
sphere3D_36.7_-5.2_67.4_102.0_0.csv,634,2.5848710345975738e7,1.20043457149238e8,1.2003238326477975e8,1.0,3.293572720683302e7,7.818890184079613e7,7.815818849883804e7,1.0,2.577893307337468e7,5.2864701538662857e8,5.2860860213410914e8,1.0,2.59196546277966e7,4.6698637939123465e6,4.669657393286992e6,1.0
sphere3D_36.9_-43.5_-98.1_143.0_0.csv,730,6.230640526593139e7,1.8791031004317406e8,1.8788424628822055e8,1.0,6.234885011476167e7,1.0217583198390322e9,1.0217225765120305e9,1.0,6.210217188939375e7,2.0090928604425588e9,2.009028815071019e9,1.0,6.225544100394823e7,1.1350170560711602e7,1.1349899329859648e7,1.0
sphere3D_38.2_81.6_-50.1_143.0_0.csv,830,6.467133885659282e7,2.2683845944431674e8,2.2681011944869483e8,1.0,6.453961675574192e7,1.105818550301034e9,1.1057750236019173e9,1.0,6.456308267383108e7,6.789906365945975e8,6.78907670301936e8,1.0,6.476214727526625e7,1.1932986715010049e7,1.1932720244387161e7,1.0
sphere3D_38.6_-46.1_56.1_68.0_0.csv,493,9.207627402560154e6,7.94027884376901e7,7.939444796790344e7,1.0,9.212165184004012e6,1.1098784128617066e8,1.1097248031503075e8,1.0,9.189091216898255e6,1.7965757793091694e8,1.7963479532122883e8,1.0,9.646619210866401e6,2.5323423986795233e6,2.5320615238242904e6,1.0
sphere3D_39.3_-11.3_49.3_99.0_0.csv,297,1.0766669493296796e7,5.6893769584043e7,5.6888848407165594e7,1.0,1.1345870315471658e7,7.095593841807458e6,7.031523859762489e6,1.0,1.0751489833210308e7,1.530950167714524e8,1.5307825022769263e8,1.0,1.0767495945771929e7,1.8195140299995951e6,1.8194441135294086e6,1.0
sphere3D_39.4_15.0_-72.7_127.0_0.csv,40,2.18436031368773e6,1.0567312732694212e7,1.0566367205269055e7,1.0,2.25039345424345e6,2.81660123556416e6,2.809290279737394e6,1.0,2.1798330097128367e6,5.230391519563711e7,5.2300961729907215e7,1.0,2.182519545279052e6,422897.8721302837,422887.1585287311,1.0
sphere3D_4.6_-57.1_86.2_6.0_0.csv,603,111563.93139985981,1.069380663811829e7,1.0691826473109044e7,1.0,91131.35182549195,1.850979984065578e8,1.850636689687946e8,1.0,90987.73606179752,2.803131058326014e8,2.802612751879601e8,1.0,91194.9758052783,3.2421010922211157e6,3.2415001811276493e6,1.0
sphere3D_4.8_-1.5_-32.7_42.0_0.csv,300,2.4728683087501028e6,1.2185916480021758e6,1.212639602879033e6,1.0,7.842367867254254e6,5.085544575080728e6,5.0817468311574925e6,1.0,2.0514109700784178e6,2.244600443009733e7,2.2437844118003987e7,1.0,2.142160375827462e6,415856.8321156129,415738.9637501357,1.0
sphere3D_40.5_7.3_-14.1_13.0_0.csv,962,642139.8892383887,3.4801551521556415e7,3.476843516239784e7,1.0,730236.1035881541,6.219676317818569e6,6.213028297111589e6,1.0,652311.3113062565,1.3356404245729232e7,1.3343652192896407e7,1.0,647800.6915921316,885573.878874938,884697.3343883337,1.0
sphere3D_40.8_66.5_65.2_146.0_0.csv,374,2.758747809275778e7,1.2059132363858113e8,1.2057937047274816e8,1.0,2.756097556421945e7,6.232512169876975e8,6.232300886476343e8,1.0,2.754028102143732e7,7.462496867909532e8,7.462200849294722e8,1.0,2.7549282079317708e7,5.439301587440482e6,5.439188855565746e6,1.0
sphere3D_42.1_21.9_52.5_71.0_0.csv,101,1.7467501976592985e6,1.6425545116827775e7,1.642382797978883e7,1.0,1.767742415074188e6,1.8957785723171707e7,1.8955374538428385e7,1.0,1.744721387297032e6,3.951477864814538e7,3.951015214782078e7,1.0,3.6768237291369274e7,443681.8176924182,443636.1762539327,1.0
sphere3D_42.9_4.0_22.0_71.0_0.csv,40,628124.9046272486,5.207773233177467e6,5.207206595910777e6,1.0,989792.2611068954,1.7243882949116954e6,1.7228673418861355e6,1.0,630398.2991000039,5.204089396142344e6,5.202314839012053e6,1.0,629512.754541655,122490.02585588882,122481.6565131631,1.0
sphere3D_45.4_-92.8_-46.0_38.0_0.csv,302,1.676348519190645e6,8.0290327872584e7,8.028017374405368e7,1.0,1.6740478829421094e6,2.0388089022855714e8,2.0385548939300504e8,1.0,1.6755697360991498e6,1.1388634602643989e8,1.1387335294420497e8,1.0,1.675117175851167e6,2.037054631474118e6,2.0367834835566827e6,1.0
sphere3D_47.1_-95.8_64.5_71.0_0.csv,527,9.867852411766408e6,1.8773202490647742e8,1.87718725750273e8,1.0,9.855580561636293e6,5.052509578268194e8,5.052117397687006e8,1.0,9.856362718576085e6,3.4866489357994986e8,3.48635713233713e8,1.0,9.896729646883331e6,5.055977225759699e6,5.055582415239726e6,1.0
sphere3D_48.0_-54.3_-37.1_99.0_0.csv,274,1.0732953795002993e7,8.018005497682829e7,8.017503042108533e7,1.0,1.0739573683180612e7,1.686363257964088e8,1.6862493500018895e8,1.0,1.0740883961919978e7,1.5983179935552397e8,1.5981757235048726e8,1.0,1.082295278279775e7,1.9783450279643997e6,1.978248716702076e6,1.0
sphere3D_5.1_-55.0_18.4_109.0_0.csv,601,3.333028827198682e7,7.340294057285975e7,7.338163663937019e7,1.0,2.8358002370910116e7,3.135066351949979e8,3.134832278747133e8,1.0,2.861245733561478e7,5.102661514302926e7,5.087279749377515e7,1.0,2.835754870681096e7,4.5145077186465915e6,4.514360315574554e6,1.0
sphere3D_50.5_52.3_91.6_78.0_0.csv,542,1.3488097998812146e7,2.014856079807275e8,2.014719488807195e8,1.0,1.3501901253916146e7,3.7526435337201124e8,3.752404132363008e8,1.0,1.3468437304880695e7,6.432580799797593e8,6.432169404275196e8,1.0,1.3489429122418635e7,4.904251677621651e6,4.90388383287473e6,1.0
sphere3D_51.0_85.2_17.8_108.0_0.csv,574,2.2767632157105308e7,2.2770381361000603e8,2.276921683455687e8,1.0,2.275271806003548e7,6.499538864551872e8,6.499212033822669e8,1.0,2.2971745343614575e7,3.026812798603899e8,3.026497044433533e8,1.0,2.4976243757905547e7,5.603859606254728e6,5.603613360417398e6,1.0
sphere3D_51.5_17.5_62.3_108.0_0.csv,199,8.129243514109046e6,7.080304472744039e7,7.079919489818715e7,1.0,8.302198206683449e6,7.43822078787937e7,7.437512832780036e7,1.0,8.123374216194955e6,1.8360255435539287e8,1.8359018268102106e8,1.0,8.146558392004884e6,1.6112305273433793e6,1.6111686932449853e6,1.0
sphere3D_55.9_-30.0_-87.6_9.0_0.csv,286,89183.30841811454,8.970125962417422e7,8.968590839095509e7,1.0,89752.85452784951,5.011941353334447e7,5.0110926114655316e7,1.0,89092.88845923964,1.4615171965350434e8,1.4612683749113292e8,1.0,89127.2816137007,1.6543837344891783e6,1.6540997036812208e6,1.0
sphere3D_56.1_-65.2_38.4_19.0_0.csv,358,513298.1593956948,8.343445057624394e7,8.34165426508727e7,1.0,513409.84397126327,1.0353414763510399e8,1.0351170236363955e8,1.0,513847.76397162076,6.079177556253931e7,6.077852358679143e7,1.0,514503.871828271,1.5734330516081746e6,1.5730891696608814e6,1.0
sphere3D_57.0_48.2_-63.1_33.0_0.csv,677,3.0311425221060608e6,1.7536014838787198e8,1.753298512049783e8,1.0,3.037128479189499e6,1.5779278625683978e8,1.5776348019148803e8,1.0,3.029564451566671e6,2.251819607103539e8,2.2514306993456438e8,1.0,3.0388920547467433e6,3.3347217966790795e6,3.3341165204933803e6,1.0
sphere3D_57.1_-33.7_48.1_117.0_0.csv,206,1.0875360097459234e7,9.152931817935058e7,9.152503234836087e7,1.0,1.0932850562855652e7,5.1176033893403634e7,5.116562609828047e7,1.0,1.0877394238668973e7,1.3190103850209065e8,1.3188652319072236e8,1.0,1.0901689715884946e7,1.813715390680865e6,1.8136626443911253e6,1.0
sphere3D_57.6_5.5_-37.3_12.0_0.csv,333,189907.2094252541,4.294785700072772e7,4.293005407619183e7,1.0,234594.64365229962,3.838951808671902e6,3.837143554227605e6,1.0,190139.23137940696,2.9538448159676734e7,2.95263740496771e7,1.0,190392.8573820207,767855.9915193436,767533.2509461289,1.0
sphere3D_59.2_-57.3_1.3_106.0_0.csv,475,2.0935741705761176e7,1.9870676163709283e8,1.9869668012882346e8,1.0,2.0957068648797944e7,2.8318550023163277e8,2.8316604564635795e8,1.0,6.6706560812306404e7,6.744979025978158e7,6.738443456838435e7,1.0,2.109069870274937e7,3.646553774744928e6,3.6464105181028456e6,1.0
sphere3D_59.4_15.3_6.5_13.0_0.csv,922,590601.4914603825,9.730277501846243e7,9.725289242865948e7,1.0,607663.6655043229,2.6702235850799125e7,2.6688648927547786e7,1.0,641514.5201656793,1.1998868688502772e7,1.1992813683536882e7,1.0,592658.0409298021,1.6835718613355819e6,1.682691315573767e6,1.0
sphere3D_6.1_-42.2_67.0_9.0_0.csv,85,25289.90139370953,1.1027078268285857e6,1.1023703845790534e6,1.0,22501.49162808905,1.1423998904831445e7,1.1420455287594166e7,1.0,22441.90311985315,1.8403301107306663e7,1.8397660826527268e7,1.0,22521.58697226291,271595.7137080636,271511.76050897123,1.0
sphere3D_6.2_-67.3_66.7_25.0_0.csv,453,1.4074044928444992e6,2.3584076301095416e6,2.357355330845032e6,1.0,1.2433250167427356e6,1.4596038033315215e8,1.4593177142301473e8,1.0,1.2421391480084169e6,1.4942301373397976e8,1.4939453431439754e8,1.0,1.2478925956524834e6,2.1691532017651247e6,2.168728465622212e6,1.0
sphere3D_6.7_-97.6_44.6_38.0_0.csv,788,4.966689071913007e6,5.155586782701912e6,5.149061876453206e6,1.0,4.496995706386074e6,5.1178977076707006e8,5.117206461758365e8,1.0,4.502152841970804e6,2.2426271394364965e8,2.242304957583643e8,1.0,4.513871521400128e6,5.085046679419728e6,5.084342971753875e6,1.0
sphere3D_61.7_-90.2_-68.9_109.0_0.csv,584,2.8906556617913228e7,3.777126291510457e8,3.7769701082545614e8,1.0,2.8897483051454518e7,9.52895435693907e8,9.52856141297353e8,1.0,2.8893048027355902e7,9.131239551213776e8,9.130855357390072e8,1.0,2.914979562226026e7,7.512442593896675e6,7.51211638401979e6,1.0
sphere3D_61.8_-57.6_77.0_148.0_0.csv,685,5.949186548904174e7,5.143449178360314e8,5.14327632412673e8,1.0,5.955806585988398e7,5.407579521839312e8,5.40722683323445e8,1.0,5.945617678072089e7,1.1829797199832413e9,1.182921765978534e9,1.0,5.975388750896377e7,1.065191950098013e7,1.0651695444301497e7,1.0
sphere3D_62.0_-75.1_31.6_20.0_0.csv,827,1.2166050116481716e6,2.5169564843215665e8,2.5164967742632073e8,1.0,1.2167390945677094e6,3.2550334022309107e8,3.254434699601752e8,1.0,1.2195028585132887e6,1.345316858330254e8,1.3450641187144113e8,1.0,1.2188061289907347e6,4.28487967325237e6,4.284083345237506e6,1.0
sphere3D_63.6_-50.0_-42.3_136.0_0.csv,394,3.0205199136221915e7,2.534101744403873e8,2.5340094548150885e8,1.0,3.0266468388899256e7,3.956674463866232e8,3.9564807905131567e8,1.0,3.0236708475644093e7,4.375203260299295e8,4.374903036807448e8,1.0,3.0209331518459644e7,4.560948964242425e6,4.5608554039435545e6,1.0
sphere3D_64.4_-81.0_17.4_106.0_0.csv,529,2.1274097999724027e7,2.9290775010722154e8,2.9289413099825627e8,1.0,2.1274822738817096e7,5.0886132567676145e8,5.088335101956791e8,1.0,2.1502182491838485e7,2.0808131127111338e7,2.0553254892726857e7,1.0,1.3626048419628134e8,5.119645501376446e6,5.119409932239587e6,1.0
sphere3D_64.4_77.3_35.4_25.0_0.csv,330,901619.5774471533,1.1314124591141547e8,1.131227741190429e8,1.0,901738.7145108172,1.5010102998556507e8,1.5007683333174127e8,1.0,903572.6887021028,7.3780532026056e7,7.37693165041772e7,1.0,902109.9211255853,1.8678365717097023e6,1.8675241570364898e6,1.0
sphere3D_65.2_92.7_37.4_122.0_0.csv,838,5.174652453854915e7,5.919384385311093e8,5.919166654811624e8,1.0,5.173486736227748e7,1.4053028485116324e9,1.4052487960875282e9,1.0,5.183851158243336e7,9.249124735117843e8,9.248624093079371e8,1.0,9.120987413396984e7,1.0792023226925706e7,1.0791647452557055e7,1.0
sphere3D_65.6_-57.2_83.0_128.0_0.csv,404,2.7107102889703356e7,3.0138562821163505e8,3.0137523630947924e8,1.0,2.714323439145053e7,2.7304306875626427e8,2.730253004216474e8,1.0,2.709177446306575e7,6.390172226460426e8,6.389866771569983e8,1.0,3.044348676586971e7,5.516464414136854e6,5.516292187009862e6,1.0
sphere3D_65.6_52.5_-78.2_150.0_0.csv,819,7.63852243794068e7,6.834072692086203e8,6.833860792664118e8,1.0,7.652392603699785e7,5.595863964115905e8,5.595410860399774e8,1.0,7.634703765880516e7,1.488344940079515e9,1.4882748171979873e9,1.0,7.668780660417876e7,1.2898761199498462e7,1.2898500764925333e7,1.0
sphere3D_66.7_78.7_-1.8_144.0_0.csv,33,2.0404616082850609e6,2.5922190082469463e7,2.592137274260171e7,1.0,2.0407152253092781e6,4.847976745648327e7,4.8477977242406785e7,1.0,4.409397988215885e6,1.1585121904788734e7,1.1578618115144573e7,1.0,2.0433657713115893e6,453416.11275131366,453406.96093280776,1.0
sphere3D_67.7_-57.7_88.8_105.0_0.csv,743,2.9558956435041327e7,5.155900824684634e8,5.155676757671153e8,1.0,2.9594164140100233e7,4.474625503858742e8,4.474319485591152e8,1.0,2.954404168784568e7,1.0316207819732068e9,1.0315668351349016e9,1.0,3.0080852484976698e7,8.846402852082806e6,8.84598814853528e6,1.0
sphere3D_67.9_29.4_37.1_66.0_0.csv,96,1.58399934646571e6,2.9890132129715048e7,2.988690111451147e7,1.0,1.5963635768588919e6,1.997238996012265e7,1.9969863117125623e7,1.0,1.586546873501437e6,2.7427115239000592e7,2.742350862561374e7,1.0,1.6043356081696234e6,447178.1186917536,447124.99819882505,1.0
sphere3D_69.3_63.2_44.6_10.0_0.csv,136,52891.87153193789,4.8519196063925505e7,4.851015648714777e7,1.0,52937.987725960826,4.5916678365798935e7,4.590815663265389e7,1.0,52931.55152393654,3.2659755095180415e7,3.2653743627404835e7,1.0,52907.45948211575,720113.2963511157,719978.5552299179,1.0
sphere3D_69.7_-2.2_-21.2_16.0_0.csv,675,669958.0363448067,1.1685036366061114e8,1.1680775576314211e8,1.0,1.59165827426493e6,4.854354161260757e6,4.85251093711827e6,1.0,674905.491859196,3.84179517133151e7,3.840419392920564e7,1.0,671606.940264109,1.7229186365056706e6,1.722276482200605e6,1.0
sphere3D_70.4_-98.9_69.1_87.0_0.csv,966,2.8311831047831908e7,7.186451913115889e8,7.186080670827956e8,1.0,2.8307237133072753e7,1.2234677384098794e9,1.223396445109432e9,1.0,2.830769333298229e7,8.902295466495346e8,8.901714419412032e8,1.0,2.8417343687717997e7,1.182494207804601e7,1.1824261168449717e7,1.0
sphere3D_70.9_-38.1_-8.2_25.0_0.csv,934,2.357985692771804e6,2.051816855601065e8,2.0512603621979246e8,1.0,2.368661830680312e6,1.2078777253170526e8,1.2075518020114386e8,1.0,2.491561276716916e6,3.2491832051163998e7,3.2483068360472832e7,1.0,2.363994639150313e6,2.9970370031066015e6,2.99618992444429e6,1.0
sphere3D_73.1_-73.1_-50.8_8.0_0.csv,100,20008.807856430372,4.690030952775653e7,4.689319486706032e7,1.0,20014.765914642452,4.8001000045350835e7,4.7993732620871894e7,1.0,20014.72638805795,3.356025768423801e7,3.355519859836231e7,1.0,20012.446126785853,654697.9208002989,654598.4059431546,1.0
sphere3D_73.5_32.4_-51.1_32.0_0.csv,287,1.1947036875626396e6,9.157831750635843e7,9.156120081721371e7,1.0,1.2029738115028962e6,4.100027865731705e7,4.0991873840018265e7,1.0,1.1954502897578804e6,7.194287029647227e7,7.1929475193962e7,1.0,1.1977349706758163e6,1.3060398715939291e6,1.3057838308500305e6,1.0
sphere3D_73.9_-16.4_-67.7_59.0_0.csv,288,4.555680338322045e6,1.211718847987589e8,1.2115869232331821e8,1.0,4.70325389549754e6,4.9478196545664534e7,4.947294253676739e7,1.0,4.55551075692391e6,1.5495957831839487e8,1.5494315017055997e8,1.0,4.565752194983741e6,1.723353376322223e6,1.7231455852312064e6,1.0
sphere3D_75.4_-51.0_74.7_59.0_0.csv,188,2.334624371817957e6,1.021139825375557e8,1.0210452487678407e8,1.0,2.3391916154159573e6,7.04265183007884e7,7.041873437132947e7,1.0,2.3343053590154033e6,1.2532593631807925e8,1.2531397181826888e8,1.0,2.340183061884932e6,1.4573166506627756e6,1.4571691060693725e6,1.0
sphere3D_75.6_18.6_-8.8_115.0_0.csv,945,5.125351917463118e7,5.72940753258341e8,5.729177415899569e8,1.0,5.243935817652791e7,1.681901202512352e8,1.681261449414839e8,1.0,5.390354524838765e7,6.348309718977942e7,6.309596678261573e7,1.0,5.1335682626995765e7,7.407510394774706e6,7.407326651353101e6,1.0
sphere3D_77.1_15.0_43.6_27.0_0.csv,188,641198.6132360433,5.5116430562248334e7,5.510419918144069e7,1.0,667315.2930683286,1.3129914963205708e7,1.3127223268680481e7,1.0,642140.217116215,3.584238305699249e7,3.583477479193063e7,1.0,642238.1558559167,742648.3217914704,742476.9679210947,1.0
sphere3D_77.3_99.5_8.3_142.0_0.csv,128,1.1024499856386453e7,1.3608190105269474e8,1.3607811862535432e8,1.0,1.1024190739558225e7,2.6899896048537225e8,2.689905172956299e8,1.0,1.1706671979143385e7,9.067326276344293e7,9.06607601011934e7,1.0,1.1283932980546555e7,2.013131574073279e6,2.0130819733602921e6,1.0
sphere3D_77.4_35.5_66.5_50.0_0.csv,459,4.42529028489694e6,2.100754019760303e8,2.1005032705050594e8,1.0,4.448731451269305e6,1.3132048754113562e8,1.3130597390184473e8,1.0,4.425599834188041e6,2.3971361307724494e8,2.396868667638606e8,1.0,4.428523606215369e6,2.875535287810772e6,2.87516372637435e6,1.0
sphere3D_78.2_-74.2_89.3_135.0_0.csv,926,6.546393851696603e7,1.0342629869778445e9,1.0342334165383353e9,1.0,6.55049610395221e7,1.0812753005562382e9,1.0812281276012356e9,1.0,6.544477730534899e7,1.8197462671005185e9,1.8196718404223464e9,1.0,8.553765909785235e7,1.5427067318008622e7,1.5426624268485548e7,1.0
sphere3D_78.4_75.4_-13.5_13.0_0.csv,145,95146.60832576617,6.487759427409487e7,6.486677943610519e7,1.0,95206.45405192606,6.4640465825104676e7,6.462968071138389e7,1.0,97006.3912983193,1.1301325075857427e7,1.1299375461891023e7,1.0,95289.86335869241,852349.0180983716,852206.0194252661,1.0
sphere3D_78.7_32.8_22.9_17.0_0.csv,954,1.0686781622459388e6,2.740946622598319e8,2.7402569148609203e8,1.0,1.075235221470082e6,1.2194730158653674e8,1.2191703119110623e8,1.0,1.0756183482202752e6,8.765711455420694e7,8.763590040265006e7,1.0,1.0702208923145765e6,3.5899855460050046e6,3.5890670652030534e6,1.0
sphere3D_78.7_95.0_91.0_6.0_0.csv,799,119277.45267875539,7.224474918558148e8,7.223857368138199e8,1.0,119277.18259453896,8.872162214930215e8,8.871404461762077e8,1.0,119239.28594068464,8.51059842471933e8,8.509872178191214e8,1.0,119245.78558430845,9.3257436692543e6,9.324945947040979e6,1.0
sphere3D_78.8_94.8_68.0_84.0_0.csv,90,1.8558181523471507e6,7.650908762950979e7,7.65049689338509e7,1.0,1.855922256572904e6,1.2838427364155805e8,1.283774651983622e8,1.0,1.8558750915271235e6,1.1053230756816703e8,1.1052674957789436e8,1.0,1.8568829346229509e6,1.0852481756101358e6,1.0851833621993416e6,1.0
sphere3D_8.4_71.8_-90.1_13.0_0.csv,688,459781.93664997205,2.6350402304488793e7,2.6346565117892016e7,1.0,433089.4523968145,3.327949890426039e8,3.32746154568824e8,1.0,432699.0605612041,4.2112087861728835e8,4.210596312457317e8,1.0,433595.70393368433,4.637814044603762e6,4.637134466024433e6,1.0
sphere3D_81.5_-18.6_92.1_64.0_0.csv,985,1.5639185768078875e7,6.477520980028939e8,6.476993343956007e8,1.0,1.597469201966685e7,8.501097051009652e7,8.498841558601226e7,1.0,1.5635161151205547e7,9.545594120713077e8,9.544828580199368e8,1.0,1.566405591954251e7,8.548595405675476e6,8.547832248951215e6,1.0
sphere3D_81.7_47.0_-75.5_148.0_0.csv,181,1.5637917141032368e7,2.0963418535004658e8,2.0962875706278068e8,1.0,1.5682975680262169e7,1.0527175705046336e8,1.0526125080665256e8,1.0,1.563728539597373e7,3.18993808308132e8,3.1897850954421526e8,1.0,1.574266705760938e7,2.839578767401456e6,2.8395184508499573e6,1.0
sphere3D_82.1_24.3_45.2_133.0_0.csv,902,6.521025569779871e7,8.140455017879673e8,8.140203518234794e8,1.0,6.605955246419435e7,5.2372304766577035e8,5.236784857576705e8,1.0,6.52917362946686e7,9.157376037994779e8,9.156686386498524e8,1.0,6.529987778838773e7,1.012520786108603e7,1.0124985147855205e7,1.0
sphere3D_83.1_95.4_-60.8_115.0_0.csv,722,3.939681512026496e7,7.755744999689473e8,7.755468841385344e8,1.0,3.940368942891346e7,1.078212827426488e9,1.0781664953131533e9,1.0,3.941185897834574e7,6.969150841156517e8,6.968681648693109e8,1.0,4.000011444272326e7,1.0430974901629526e7,1.0430568862257166e7,1.0
sphere3D_84.4_18.1_35.6_123.0_0.csv,638,3.9312126326774254e7,5.2905721367917424e8,5.290388356860121e8,1.0,4.026154883536193e7,2.4100973684932306e8,2.4097802858734757e8,1.0,3.941053824868063e7,4.360654844834231e8,4.3601790471814615e8,1.0,3.941653818835047e7,6.207895797890219e6,6.2077319691371415e6,1.0
sphere3D_85.2_32.2_8.0_101.0_0.csv,132,4.646166474363969e6,8.651235774721016e7,8.650805026859671e7,1.0,4.673991075619606e6,4.537330612802041e7,4.536852432196597e7,1.0,4.893814264504366e6,2.400786722332888e7,2.3995176756317385e7,1.0,4.8130796792749e6,986758.844977959,986712.8391322203,1.0
sphere3D_86.9_-24.1_-96.4_41.0_0.csv,68,303229.52111884137,4.879455737277729e7,4.878971972694039e7,1.0,305707.0926623262,1.7669606334419973e7,1.7668051282565676e7,1.0,303176.0525047641,6.399131174904514e7,6.398525895286779e7,1.0,303273.7539275313,598905.1563409178,598843.3662445924,1.0
sphere3D_87.6_-19.0_5.6_8.0_0.csv,792,192766.98469789367,2.6777710787920517e8,2.6770961395748246e8,1.0,196280.67235564697,5.913203406508829e7,5.9117118608601026e7,1.0,213755.36558100296,1.724978843458541e7,1.7245380089580495e7,1.0,193076.56281100542,3.1048897073784415e6,3.1041041816558777e6,1.0
sphere3D_89.3_-72.2_25.5_97.0_0.csv,181,7.210118943933367e6,1.530210542101222e8,1.5301333753052178e8,1.0,7.217085936850429e6,1.4736306857238242e8,1.4735400536186725e8,1.0,7.251206505029681e6,3.659164295130563e7,3.657718503130184e7,1.0,7.34630969795402e6,1.7712531988545796e6,1.7711553197753918e6,1.0
sphere3D_90.0_91.0_54.2_54.0_0.csv,998,1.1217621596779672e7,8.447635711253651e8,8.446957521658082e8,1.0,1.122152108067957e7,1.0221719106628892e9,1.0220918313039486e9,1.0,1.1225754930887451e7,6.908247605104765e8,6.907746864126506e8,1.0,1.1222576715162141e7,1.0068791162859475e7,1.006793118786566e7,1.0
sphere3D_90.7_59.5_43.7_139.0_0.csv,921,7.326151176338446e7,1.108693097307737e9,1.1086626241837082e9,1.0,7.338784270024732e7,1.2148901647311223e9,1.21484192928145e9,1.0,7.337372364523052e7,1.2104406677649565e9,1.2103718016289098e9,1.0,7.371541631281853e7,1.2726698432222182e7,1.2726391957584472e7,1.0
sphere3D_92.3_-69.6_81.5_130.0_0.csv,721,4.851660261573986e7,9.730355188115543e8,9.730070073605796e8,1.0,4.856787759528834e7,7.630527648901814e8,7.630170883266608e8,1.0,4.851774362597437e7,1.220867236864733e9,1.2208122876035354e9,1.0,5.135203292994719e7,1.1471324578830872e7,1.1470969144089326e7,1.0
sphere3D_92.4_80.1_84.3_111.0_0.csv,851,4.2170063399728924e7,1.0782921719743226e9,1.0782529188778722e9,1.0,4.219816645391713e7,1.4538307126251078e9,1.4537766612722957e9,1.0,4.216959240802507e7,1.728738395979587e9,1.728674237592372e9,1.0,4.225532593180249e7,1.2778861309179125e7,1.2778343881157657e7,1.0
sphere3D_93.6_-89.7_-90.0_58.0_0.csv,996,1.3551342049537541e7,1.115846602277903e9,1.115775468384786e9,1.0,1.3557258250977164e7,1.3113542974056237e9,1.3112741969283776e9,1.0,1.3550438039385678e7,1.3907239809240675e9,1.390642350477681e9,1.0,1.3551706316978807e7,1.2937357158871224e7,1.2936484432845142e7,1.0
sphere3D_93.8_82.0_-39.2_127.0_0.csv,962,6.303217869739008e7,1.2028006531103137e9,1.202763205738195e9,1.0,6.30724125285579e7,1.2758206103496408e9,1.275767534022216e9,1.0,6.3162382011608556e7,5.1707028874683756e8,5.1698091686521465e8,1.0,9.751945414548975e7,1.3534443031750033e7,1.353400767200533e7,1.0
sphere3D_95.5_66.4_-60.7_42.0_0.csv,948,7.169989575072315e6,7.424366772305983e8,7.423625192009004e8,1.0,7.179606204719372e6,5.473276982833041e8,5.472704991585836e8,1.0,7.174082375399346e6,5.206441796630979e8,5.205911836481428e8,1.0,7.181202327253877e6,8.196089417554408e6,8.1952341309510125e6,1.0
sphere3D_96.0_-93.5_-36.3_49.0_0.csv,620,5.808492017376511e6,5.525718027024698e8,5.525247751586034e8,1.0,5.810696113166686e6,6.19389386683752e8,6.193373962379246e8,1.0,5.822464269167592e6,2.833767039747232e8,2.8335502640567833e8,1.0,5.812363530751192e6,6.107447353708994e6,6.106899574704739e6,1.0
sphere3D_97.2_65.4_-94.5_27.0_0.csv,609,1.7448377960657778e6,6.294446616018643e8,6.293907230093576e8,1.0,1.7470783354609283e6,4.4036041528033984e8,4.403218333465109e8,1.0,1.7447096221990439e6,6.552314245796058e8,6.551755701310233e8,1.0,1.7461971460550805e6,6.784006036691249e6,6.783416155259441e6,1.0
sphere3D_97.8_-91.8_65.0_106.0_0.csv,575,2.5478303091299724e7,7.595821112209338e8,7.595525913393252e8,1.0,2.5489340380130958e7,8.10259679679939e8,8.102221509739088e8,1.0,2.5489152734087426e7,6.055113283583916e8,6.054755218081388e8,1.0,2.5607609976752553e7,8.358050106169028e6,8.357687534692863e6,1.0
sphere3D_98.4_-48.4_23.0_145.0_0.csv,353,3.392099356893261e7,4.790211000441008e8,4.7900910857918125e8,1.0,3.403318264962977e7,2.8229148609645003e8,2.822726900206749e8,1.0,3.41938911454175e7,1.0714159000344479e8,1.0705885580672383e8,1.0,3.405901647220721e7,4.861814375183267e6,4.861718894127065e6,1.0
