name,npts,centro e raio implementado,resÃ­duo,sol
sphere3D_-0.5_92.2_95.4_74.0_0.csv,296,"[-0.5, 92.2, 95.4, 74.0]",5.899485405537184e6,"[-0.5578465355307138, 91.82157931672539, 95.63179602747448, 73.98883591997073]"
sphere3D_-10.4_-92.6_-52.2_80.0_0.csv,981,"[-10.4, -92.6, -52.2, 80.0]",2.5331238767175764e7,"[-10.457495490987776, -92.74167722055789, -52.23377794993287, 79.99782447417837]"
sphere3D_-11.8_-75.7_66.2_93.0_0.csv,394,"[-11.8, -75.7, 66.2, 93.0]",1.5505399386223294e7,"[-11.806708058492113, -76.2813887814847, 66.72053404285504, 92.90618528019179]"
sphere3D_-14.5_-42.7_87.6_135.0_0.csv,670,"[-14.5, -42.7, 87.6, 135.0]",4.986551927594624e7,"[-14.398988016378729, -42.46294501210024, 87.49094157046805, 135.0576399481191]"
sphere3D_-15.4_-38.1_56.2_129.0_0.csv,274,"[-15.4, -38.1, 56.2, 129.0]",1.6161271262827504e7,"[-15.359441045554256, -37.981016544543095, 56.24633643383021, 129.03096220072462]"
sphere3D_-16.6_87.8_20.3_18.0_0.csv,652,"[-16.6, 87.8, 20.3, 18.0]",900103.7784305909,"[-16.589440424799776, 88.00105660451534, 20.24109737906148, 18.091371606404937]"
sphere3D_-17.2_-58.0_-56.2_147.0_0.csv,128,"[-17.2, -58.0, -56.2, 147.0]",9.53795003260153e6,"[-17.405876791622298, -57.82951443116113, -56.36195573411033, 146.845442418486]"
sphere3D_-19.7_-89.8_-62.6_64.0_0.csv,198,"[-19.7, -89.8, -62.6, 64.0]",3.0742849399049403e6,"[-19.629194879521286, -89.9925044170189, -62.60070156772486, 63.94357363112012]"
sphere3D_-20.0_36.3_58.5_132.0_0.csv,623,"[-20.0, 36.3, 58.5, 132.0]",4.1978849015496515e7,"[-20.056896970195346, 36.35937646777065, 58.49341735218096, 132.00835674559036]"
sphere3D_-21.7_-24.9_-70.8_119.0_0.csv,97,"[-21.7, -24.9, -70.8, 119.0]",5.170683563085469e6,"[-21.552508010973327, -24.953667039029646, -70.72025521477511, 119.19425584470719]"
sphere3D_-23.9_-76.3_2.6_32.0_0.csv,50,"[-23.9, -76.3, 2.6, 32.0]",175201.0131635219,"[-23.807607870193237, -75.91343325089562, 2.536025585275367, 32.06161716342544]"
sphere3D_-24.1_-6.4_-18.3_68.0_0.csv,504,"[-24.1, -6.4, -18.3, 68.0]",1.0468370833742173e7,"[-24.12077264591245, -6.392102516425692, -18.34691670049969, 68.0749435145708]"
sphere3D_-26.6_-60.5_-75.3_27.0_0.csv,471,"[-26.6, -60.5, -75.3, 27.0]",1.384945639196831e6,"[-26.64521374907025, -60.53713448956667, -75.29153222073009, 27.012549653352032]"
sphere3D_-27.0_5.7_-31.5_43.0_0.csv,496,"[-27.0, 5.7, -31.5, 43.0]",2.2129330190048408e7,"[-23.585632318098742, 2.509608836071644, -28.64484921442111, 44.870517253360646]"
sphere3D_-27.5_-38.7_97.6_110.0_0.csv,74,"[-27.5, -38.7, 97.6, 110.0]",1.2542043274079626e7,"[-26.184326674190668, -35.386943010530864, 95.00333626716817, 110.96661466396412]"
sphere3D_-29.3_-7.9_-7.7_57.0_0.csv,618,"[-29.3, -7.9, -7.7, 57.0]",7.35396915367479e6,"[-29.176872338954272, -7.952428604190912, -7.540731109477513, 57.063541147750534]"
sphere3D_-31.7_-57.1_-78.8_90.0_0.csv,572,"[-31.7, -57.1, -78.8, 90.0]",1.901943146347292e7,"[-31.96106621806145, -57.323021905433855, -78.77827186131915, 89.89565612179184]"
sphere3D_-32.0_88.6_-73.2_149.0_0.csv,564,"[-32.0, 88.6, -73.2, 149.0]",5.02425658294731e7,"[-31.92735818415863, 88.04323125905944, -72.91942154286282, 149.0313773162424]"
sphere3D_-32.8_-12.0_95.9_21.0_0.csv,983,"[-32.8, -12.0, 95.9, 21.0]",1.8296641685858034e6,"[-32.97978493405659, -12.046143514141788, 95.86013582197565, 21.0025541239222]"
sphere3D_-33.8_-90.6_-69.2_39.0_0.csv,598,"[-33.8, -90.6, -69.2, 39.0]",3.8728878933981145e6,"[-33.82236049152957, -90.75470091314426, -69.30025971274462, 39.0132176633084]"
sphere3D_-34.5_-37.6_93.5_23.0_0.csv,305,"[-34.5, -37.6, 93.5, 23.0]",618409.4380804729,"[-34.75432329399523, -37.77687975180267, 93.62513688580606, 23.004850821068196]"
sphere3D_-34.7_-27.7_52.9_37.0_0.csv,952,"[-34.7, -27.7, 52.9, 37.0]",5.351014940719529e6,"[-35.027228088919586, -28.055768078707764, 53.175510269378734, 36.93696366868971]"
sphere3D_-35.3_-92.4_-81.0_52.0_0.csv,138,"[-35.3, -92.4, -81.0, 52.0]",1.3199743157371862e6,"[-35.29357246897452, -92.31629415060392, -81.12051022008109, 51.96115537141987]"
sphere3D_-37.5_1.7_0.4_135.0_0.csv,176,"[-37.5, 1.7, 0.4, 135.0]",1.1897662947693888e7,"[-37.42795036945339, 1.568674471695945, 0.5474145872329307, 135.17938224240928]"
sphere3D_-38.5_50.2_-32.5_88.0_0.csv,224,"[-38.5, 50.2, -32.5, 88.0]",5.5179667067112215e6,"[-38.296338286255775, 50.174819008906766, -32.47190758434734, 88.0565333804802]"
sphere3D_-39.5_64.7_-20.9_55.0_0.csv,431,"[-39.5, 64.7, -20.9, 55.0]",5.687876872387522e6,"[-39.76695259980778, 64.91263280943187, -21.039544665198225, 54.95111034363882]"
sphere3D_-39.9_-91.8_15.7_83.0_0.csv,343,"[-39.9, -91.8, 15.7, 83.0]",9.030947754535483e6,"[-40.04006041887174, -92.75429261608262, 16.23266526537999, 82.95753063564709]"
sphere3D_-4.0_-88.3_36.3_56.0_0.csv,196,"[-4.0, -88.3, 36.3, 56.0]",2.714719478309131e6,"[-4.018421632882924, -88.79612599365583, 36.50688775425478, 56.07492471242127]"
sphere3D_-40.1_-6.9_37.7_8.0_0.csv,834,"[-40.1, -6.9, 37.7, 8.0]",226754.41406851955,"[-40.41465476546938, -6.982472073800097, 37.8101122054491, 8.146005878157602]"
sphere3D_-41.6_-61.5_-17.7_86.0_0.csv,548,"[-41.6, -61.5, -17.7, 86.0]",1.7455385801253863e7,"[-41.2598417548807, -61.018148603737885, -18.00313223668518, 86.19072300306114]"
sphere3D_-42.5_-76.2_36.2_125.0_0.csv,35,"[-42.5, -76.2, 36.2, 125.0]",1.4428160430747415e6,"[-42.022146709442644, -76.00917351542971, 36.002768413032825, 125.09255111665354]"
sphere3D_-42.5_-98.0_42.8_91.0_0.csv,514,"[-42.5, -98.0, 42.8, 91.0]",1.724726630319552e7,"[-42.562822470084846, -98.3989689524131, 43.032935068020144, 90.89145145149637]"
sphere3D_-42.8_-34.4_-20.5_16.0_0.csv,743,"[-42.8, -34.4, -20.5, 16.0]",878810.8991313789,"[-43.124653868147185, -34.52574127374165, -20.414204567879114, 16.049952237762678]"
sphere3D_-42.8_-96.0_12.3_86.0_0.csv,980,"[-42.8, -96.0, 12.3, 86.0]",3.3093371424634192e7,"[-42.84372747416298, -96.52095172123069, 12.578400719806236, 85.96287470428105]"
sphere3D_-42.8_2.6_-49.1_110.0_0.csv,370,"[-42.8, 2.6, -49.1, 110.0]",1.899833904191125e7,"[-42.89532471687236, 2.3953857926210653, -48.90679536080461, 110.11638168984422]"
sphere3D_-43.4_58.1_47.2_132.0_0.csv,429,"[-43.4, 58.1, 47.2, 132.0]",2.9038255322165884e7,"[-43.38374046469652, 58.18601737082077, 47.08250893359728, 132.00849808512436]"
sphere3D_-43.6_52.0_8.9_117.0_0.csv,35,"[-43.6, 52.0, 8.9, 117.0]",2.1869121780397003e6,"[-43.59224384758845, 51.96574727830612, 8.808964088672576, 117.12071538091496]"
sphere3D_-46.2_73.9_68.3_131.0_0.csv,14,"[-46.2, 73.9, 68.3, 131.0]",870849.1636374356,"[-45.78578956013235, 74.37552344726785, 68.24308244264097, 131.19122802147322]"
sphere3D_-46.5_44.8_-35.8_11.0_0.csv,717,"[-46.5, 44.8, -35.8, 11.0]",344663.28703366563,"[-46.69748539072511, 45.04252876962358, -35.77950903076067, 11.11687745984877]"
sphere3D_-47.0_-60.2_99.1_108.0_0.csv,784,"[-47.0, -60.2, 99.1, 108.0]",4.076587687392866e7,"[-47.21712550977896, -60.620967602952426, 99.49939130136906, 107.92830499644086]"
sphere3D_-47.2_62.6_46.2_127.0_0.csv,790,"[-47.2, 62.6, 46.2, 127.0]",5.088136569642047e7,"[-47.10900018917946, 62.65688760625087, 46.19969660935301, 127.06880928844527]"
sphere3D_-47.6_-32.1_89.1_93.0_0.csv,238,"[-47.6, -32.1, 89.1, 93.0]",9.146355885611584e6,"[-48.10220525788855, -32.56013020571698, 89.46239829455868, 92.82069116584373]"
sphere3D_-48.8_14.7_5.4_62.0_0.csv,305,"[-48.8, 14.7, 5.4, 62.0]",5.638820188290303e6,"[-48.49410113918449, 14.642466317013971, 5.444568821344729, 62.22944377898052]"
sphere3D_-5.5_68.2_46.7_100.0_0.csv,79,"[-5.5, 68.2, 46.7, 100.0]",3.271117851070521e6,"[-5.6035176480624145, 68.09775452637842, 46.85275350811124, 100.19526141632305]"
sphere3D_-50.3_-36.7_61.7_83.0_0.csv,504,"[-50.3, -36.7, 61.7, 83.0]",2.1374929966277592e7,"[-51.10264660736646, -37.99252318042634, 62.72094007102911, 82.6033914490003]"
sphere3D_-51.1_-13.6_-4.9_14.0_0.csv,790,"[-51.1, -13.6, -4.9, 14.0]",633188.2093943558,"[-51.36169589772498, -13.827053202007349, -4.796806323648823, 14.009345731537337]"
sphere3D_-51.1_-88.9_13.2_56.0_0.csv,292,"[-51.1, -88.9, 13.2, 56.0]",3.4068359358066046e6,"[-51.28518684156534, -89.20295915410097, 13.455969409234772, 55.91880055360149]"
sphere3D_-51.6_-50.7_47.6_23.0_0.csv,628,"[-51.6, -50.7, 47.6, 23.0]",1.292917971673965e6,"[-51.76710308090437, -51.0333637367903, 47.704459907040615, 23.039669825421758]"
sphere3D_-52.9_2.5_61.6_26.0_0.csv,166,"[-52.9, 2.5, 61.6, 26.0]",470024.6762954812,"[-53.18796425050489, 2.3172395326903494, 61.69375649500269, 25.90439938853422]"
sphere3D_-53.0_-17.6_62.9_45.0_0.csv,292,"[-53.0, -17.6, 62.9, 45.0]",2.5978153647503713e6,"[-52.96492545646073, -17.62485418732007, 62.86251978626871, 45.04368166986475]"
sphere3D_-53.2_76.2_43.1_12.0_0.csv,869,"[-53.2, 76.2, 43.1, 12.0]",514504.2133043157,"[-53.38042431157247, 76.36015480182876, 43.11390949407482, 12.044512900760779]"
sphere3D_-56.9_98.3_-43.6_146.0_0.csv,403,"[-56.9, 98.3, -43.6, 146.0]",3.80123945537115e7,"[-56.70193491504977, 98.11839883680372, -43.43202793430494, 146.1210417546287]"
sphere3D_-57.3_-58.2_-72.4_108.0_0.csv,588,"[-57.3, -58.2, -72.4, 108.0]",1.1172480617316544e8,"[-60.319543827098265, -59.42840734632942, -72.85503088081646, 106.62904736898874]"
sphere3D_-57.3_71.3_19.5_43.0_0.csv,526,"[-57.3, 71.3, 19.5, 43.0]",4.099742770315631e6,"[-57.36858953553224, 71.42301523914335, 19.475657048737624, 42.994191436105005]"
sphere3D_-57.4_-23.2_7.8_26.0_0.csv,790,"[-57.4, -23.2, 7.8, 26.0]",2.132085024884505e6,"[-57.56867743213769, -23.140694178469047, 7.668918157725959, 26.022504356318677]"
sphere3D_-57.9_-51.2_18.7_120.0_0.csv,240,"[-57.9, -51.2, 18.7, 120.0]",1.4506439989765154e7,"[-57.65748779364672, -51.154805011914426, 18.769657786610555, 120.04211828161537]"
sphere3D_-58.5_-74.9_44.0_16.0_0.csv,548,"[-58.5, -74.9, 44.0, 16.0]",555969.114100886,"[-58.67082967574937, -74.93814500504793, 43.853164066968844, 16.117074380392282]"
sphere3D_-58.9_-54.1_0.2_111.0_0.csv,494,"[-58.9, -54.1, 0.2, 111.0]",2.41105477117146e7,"[-58.77254120871121, -53.9772955683767, 0.10760624971890022, 110.99030567599755]"
sphere3D_-59.7_-7.7_7.3_29.0_0.csv,737,"[-59.7, -7.7, 7.3, 29.0]",2.506122782925468e6,"[-59.85572586940382, -7.994707474324872, 7.401521529045176, 28.963738111259147]"
sphere3D_-59.9_-27.4_-8.9_5.0_0.csv,719,"[-59.9, -27.4, -8.9, 5.0]",71167.38212145989,"[-60.11377881710292, -27.457661641368958, -8.819499304956025, 5.1844071754868155]"
sphere3D_-60.8_-99.3_76.8_98.0_0.csv,54,"[-60.8, -99.3, 76.8, 98.0]",2.1783643642428964e6,"[-60.969986167549045, -98.92404519894914, 76.81875565473342, 97.87446869635788]"
sphere3D_-60.9_-36.9_41.5_82.0_0.csv,185,"[-60.9, -36.9, 41.5, 82.0]",1.036438505837522e8,"[-67.59600878828473, -44.965251704396884, 46.89691770447073, 79.94353667482362]"
sphere3D_-62.9_3.6_28.5_91.0_0.csv,871,"[-62.9, 3.6, 28.5, 91.0]",3.0690132487806983e7,"[-62.64228842953321, 3.8582321560006916, 28.421926780366007, 91.12226900372467]"
sphere3D_-64.1_-88.1_-28.5_89.0_0.csv,567,"[-64.1, -88.1, -28.5, 89.0]",1.7199734656818062e7,"[-64.37261323635849, -88.14832452451762, -28.511247115526153, 88.91733569181177]"
sphere3D_-64.1_10.2_-3.7_142.0_0.csv,975,"[-64.1, 10.2, -3.7, 142.0]",8.002078793969652e7,"[-63.8884271663531, 10.105923097702588, -3.737049043128417, 142.0775939006209]"
sphere3D_-65.0_-41.6_89.4_22.0_0.csv,522,"[-65.0, -41.6, 89.4, 22.0]",1.0326672747485752e6,"[-65.03984268303154, -41.616707847291195, 89.32145753711913, 22.108526226231902]"
sphere3D_-68.0_-50.9_-67.6_115.0_0.csv,14,"[-68.0, -50.9, -67.6, 115.0]",629560.350996451,"[-67.24542874085539, -50.9922411152268, -67.24640269510981, 115.2108822558912]"
sphere3D_-68.6_-8.5_-84.0_129.0_0.csv,696,"[-68.6, -8.5, -84.0, 129.0]",4.572148065683271e7,"[-68.48830790892673, -8.564416454418604, -83.96348307099151, 129.1170171396954]"
sphere3D_-7.9_23.3_23.3_49.0_0.csv,959,"[-7.9, 23.3, 23.3, 49.0]",8.641252995924532e6,"[-7.7988761934246, 23.173243475708187, 23.39175076455548, 49.073615091326076]"
sphere3D_-70.5_-29.7_1.8_38.0_0.csv,237,"[-70.5, -29.7, 1.8, 38.0]",1.260623695172051e6,"[-70.77415027244571, -30.001687479008915, 1.845943021569012, 37.93503809735275]"
sphere3D_-71.4_85.1_-80.6_103.0_0.csv,178,"[-71.4, 85.1, -80.6, 103.0]",6.067340296078334e6,"[-71.57566640803618, 85.2118484558374, -80.50974838447554, 103.02905467223846]"
sphere3D_-75.9_-13.1_31.6_95.0_0.csv,200,"[-75.9, -13.1, 31.6, 95.0]",8.809607139582345e6,"[-75.5002438816785, -12.4905122758882, 31.14381564995924, 95.16926245906407]"
sphere3D_-75.9_-30.5_-44.4_78.0_0.csv,537,"[-75.9, -30.5, -44.4, 78.0]",1.3651431967679106e7,"[-76.23517834020959, -30.859330586626434, -44.34444068676953, 77.95281984492122]"
sphere3D_-76.5_-18.8_-25.7_139.0_0.csv,329,"[-76.5, -18.8, -25.7, 139.0]",2.751119275548435e7,"[-76.60512121440492, -18.920553744822083, -25.641805755003702, 138.98109522795355]"
sphere3D_-77.0_-70.7_-81.9_65.0_0.csv,533,"[-77.0, -70.7, -81.9, 65.0]",8.60985617007333e6,"[-77.11280093700779, -70.61368960861329, -81.90873167087346, 64.95280739266225]"
sphere3D_-77.2_7.9_-51.4_97.0_0.csv,272,"[-77.2, 7.9, -51.4, 97.0]",1.6322327443576321e7,"[-75.89662855680795, 7.201024685824716, -50.85616527698112, 97.55507224593576]"
sphere3D_-78.1_77.0_-32.1_121.0_0.csv,904,"[-78.1, 77.0, -32.1, 121.0]",6.099886122890086e7,"[-77.40480307632687, 76.06792151785342, -31.521883377540465, 121.27798044141792]"
sphere3D_-78.7_-44.7_59.2_143.0_0.csv,980,"[-78.7, -44.7, 59.2, 143.0]",8.175551480047025e7,"[-78.39390784205396, -44.60712186043635, 59.107043304826185, 143.13079344099137]"
sphere3D_-80.7_83.6_51.3_123.0_0.csv,500,"[-80.7, 83.6, 51.3, 123.0]",4.4661975566348255e7,"[-81.87586010048581, 84.47436464121365, 50.865388249093755, 122.53628257032497]"
sphere3D_-82.5_21.5_-95.5_41.0_0.csv,310,"[-82.5, 21.5, -95.5, 41.0]",2.037245790114561e6,"[-82.73349710372972, 21.604651286399253, -95.53720913502082, 40.96320860427306]"
sphere3D_-84.0_30.4_-72.2_36.0_0.csv,495,"[-84.0, 30.4, -72.2, 36.0]",2.725858826778558e6,"[-83.9247699510894, 30.48940087240102, -72.32541281362568, 36.0697370710928]"
sphere3D_-85.2_83.7_36.1_74.0_0.csv,453,"[-85.2, 83.7, 36.1, 74.0]",1.0330996534919577e7,"[-85.288083533772, 83.87742532606491, 36.100499039754204, 73.98932087385141]"
sphere3D_-86.1_96.0_16.3_98.0_0.csv,808,"[-86.1, 96.0, 16.3, 98.0]",2.960399551413435e7,"[-86.1653999320334, 96.22222539485087, 16.191090793120733, 97.94176275036722]"
sphere3D_-86.2_-55.2_-60.1_65.0_0.csv,725,"[-86.2, -55.2, -60.1, 65.0]",1.1593990872988487e7,"[-86.38491037642034, -55.338288325420145, -60.02639900538159, 65.05315364206706]"
sphere3D_-86.6_21.5_50.7_91.0_0.csv,271,"[-86.6, 21.5, 50.7, 91.0]",8.486395110984698e6,"[-87.26700245233853, 21.456141875618076, 50.76483300399044, 90.70918729180721]"
sphere3D_-89.0_82.8_59.9_18.0_0.csv,851,"[-89.0, 82.8, 59.9, 18.0]",1.0212150810024209e6,"[-89.16573355738346, 82.80406770157578, 59.94661079418311, 18.047644753787107]"
sphere3D_-9.1_-82.5_-5.2_57.0_0.csv,556,"[-9.1, -82.5, -5.2, 57.0]",7.475474941711584e6,"[-9.169949940890183, -82.98742246457815, -4.874638248631932, 56.91642480278175]"
sphere3D_-9.4_-25.6_-7.3_128.0_0.csv,388,"[-9.4, -25.6, -7.3, 128.0]",2.112447261266419e7,"[-9.384098491937014, -25.660744335871204, -7.34961632353592, 128.1192010756873]"
sphere3D_-9.7_-54.5_-62.6_29.0_0.csv,210,"[-9.7, -54.5, -62.6, 29.0]",640501.5616663573,"[-9.569249274508781, -54.43867177699186, -62.74772649565492, 28.97477499905306]"
sphere3D_-92.1_-25.9_-15.4_41.0_0.csv,504,"[-92.1, -25.9, -15.4, 41.0]",3.8713610055373088e6,"[-92.17665541051403, -25.73701849932867, -15.585301533353556, 41.00889356549123]"
sphere3D_-92.3_31.2_-82.3_111.0_0.csv,812,"[-92.3, 31.2, -82.3, 111.0]",4.072183029070225e7,"[-92.47093496279491, 31.617538205899084, -82.54655972362146, 110.86767832837471]"
sphere3D_-92.6_69.3_-62.0_85.0_0.csv,973,"[-92.6, 69.3, -62.0, 85.0]",2.657605045957456e7,"[-92.80113672564619, 69.50589405509696, -62.06276544645682, 84.9397650494826]"
sphere3D_-93.1_96.1_50.0_64.0_0.csv,892,"[-93.1, 96.1, 50.0, 64.0]",1.4450176914178358e7,"[-93.28353331669437, 96.03435722748917, 49.92454674903917, 64.00618262985269]"
sphere3D_-94.0_-55.7_28.9_127.0_0.csv,526,"[-94.0, -55.7, 28.9, 127.0]",3.753200088211757e7,"[-93.58189225198493, -55.5730378418832, 28.897501515676755, 127.22198957461467]"
sphere3D_-97.4_-93.1_80.4_21.0_0.csv,157,"[-97.4, -93.1, 80.4, 21.0]",308231.5400129534,"[-97.92668035047245, -92.82361290870416, 80.32413388787104, 20.979810438377672]"
sphere3D_-98.2_-0.5_17.2_124.0_0.csv,351,"[-98.2, -0.5, 17.2, 124.0]",1.9344927220491845e7,"[-98.03052095005276, -0.48560714952843764, 17.15141908443053, 124.08184951994446]"
sphere3D_0.0_76.7_1.6_84.0_0.csv,470,"[0.0, 76.7, 1.6, 84.0]",1.3367309751760466e7,"[0.1947427761865875, 75.8667233359866, 1.9784473252426127, 84.16987058553507]"
sphere3D_0.8_86.2_-24.3_33.0_0.csv,163,"[0.8, 86.2, -24.3, 33.0]",595076.580620549,"[0.4083199154350975, 86.52661923357526, -24.56828633313107, 33.03682734622938]"
sphere3D_1.7_15.3_78.8_31.0_0.csv,909,"[1.7, 15.3, 78.8, 31.0]",3.3875498957956205e6,"[1.6385221143001432, 15.242271388854448, 78.91067873610326, 30.99313063096464]"
sphere3D_11.0_-18.4_61.3_75.0_0.csv,658,"[11.0, -18.4, 61.3, 75.0]",1.5508144744161222e7,"[11.014395222692649, -17.847586485469286, 60.861680987276216, 75.09199562126439]"
sphere3D_12.4_-91.8_77.4_69.0_0.csv,210,"[12.4, -91.8, 77.4, 69.0]",3.7908003548976234e6,"[12.611576170951603, -92.18537866160057, 77.85568232242811, 68.97844665984543]"
sphere3D_13.8_-48.3_-66.0_77.0_0.csv,531,"[13.8, -48.3, -66.0, 77.0]",1.2407192965962324e7,"[13.671849007576592, -48.295324963982154, -66.22328697235805, 76.87743361895537]"
sphere3D_15.7_-16.5_-61.9_121.0_0.csv,384,"[15.7, -16.5, -61.9, 121.0]",2.3394080576054435e7,"[15.62506977627792, -16.564697330389706, -61.84666521723737, 121.09503430080869]"
sphere3D_19.5_-85.6_-71.8_135.0_0.csv,326,"[19.5, -85.6, -71.8, 135.0]",2.3690893035665944e7,"[19.515263462211923, -85.528917827865, -71.88161911190862, 135.0823572478153]"
sphere3D_20.1_86.8_-33.3_77.0_0.csv,642,"[20.1, 86.8, -33.3, 77.0]",1.5517180736051101e7,"[20.029263339238554, 87.44657370599819, -33.59696374150359, 76.98379469418832]"
sphere3D_21.1_74.3_67.8_19.0_0.csv,819,"[21.1, 74.3, 67.8, 19.0]",1.1250004885153952e6,"[21.026673577190017, 74.16993963479008, 67.92309736459487, 19.121947899560816]"
sphere3D_21.1_95.5_-23.7_126.0_0.csv,501,"[21.1, 95.5, -23.7, 126.0]",3.34029072220603e7,"[21.246925839353025, 95.13565651741274, -23.47477912778751, 126.12199405983748]"
sphere3D_21.3_68.4_81.7_87.0_0.csv,749,"[21.3, 68.4, 81.7, 87.0]",2.1365526483656034e7,"[21.304314312866236, 68.40758484365264, 81.79736824030037, 86.97682707811008]"
sphere3D_22.9_-1.2_4.2_25.0_0.csv,550,"[22.9, -1.2, 4.2, 25.0]",2.844185548959797e6,"[20.97818369572906, -0.6626057614027647, 3.664501477612165, 25.371693594889845]"
sphere3D_24.2_-97.7_43.6_123.0_0.csv,270,"[24.2, -97.7, 43.6, 123.0]",1.7569667122686215e7,"[24.04583041659363, -97.25989218352979, 43.353683042469136, 123.10812864688891]"
sphere3D_25.5_3.6_5.9_128.0_0.csv,861,"[25.5, 3.6, 5.9, 128.0]",5.695603277026971e7,"[25.493784353739308, 3.4783027331976264, 5.997179928749706, 128.09413553281507]"
sphere3D_25.7_-18.1_99.7_142.0_0.csv,943,"[25.7, -18.1, 99.7, 142.0]",7.42276370479802e7,"[25.829540967850406, -18.153731176569448, 99.72135979724213, 142.01725399753064]"
sphere3D_26.0_-3.4_94.0_98.0_0.csv,207,"[26.0, -3.4, 94.0, 98.0]",1.27509653187065e8,"[25.788691537719668, 3.9194792619430747, 87.11017631701544, 100.30470355648846]"
sphere3D_26.5_74.7_-93.7_71.0_0.csv,592,"[26.5, 74.7, -93.7, 71.0]",1.1553278362982562e7,"[26.615316770849503, 75.01392534637831, -93.80069776017257, 71.10612487528753]"
sphere3D_26.8_-27.7_-74.7_125.0_0.csv,703,"[26.8, -27.7, -74.7, 125.0]",4.318957274027967e7,"[26.636838191671295, -27.7131477716506, -74.64426337778843, 125.05047968075877]"
sphere3D_27.2_2.8_96.7_135.0_0.csv,657,"[27.2, 2.8, 96.7, 135.0]",5.251507049023883e7,"[27.313797840742353, 2.943801462724052, 96.63045930934827, 135.06702762052066]"
sphere3D_29.2_-90.0_-66.6_16.0_0.csv,802,"[29.2, -90.0, -66.6, 16.0]",829384.3281724687,"[29.223724674131986, -90.11200142241383, -66.5396560032577, 16.08035255398042]"
sphere3D_3.0_45.9_52.6_107.0_0.csv,568,"[3.0, 45.9, 52.6, 107.0]",2.7275691976937536e7,"[2.873255885803873, 45.72588914954634, 52.820085223669125, 107.01816836424211]"
sphere3D_3.6_-72.9_1.5_106.0_0.csv,424,"[3.6, -72.9, 1.5, 106.0]",1.9071195194537707e7,"[3.567888512433687, -72.75553497756187, 1.5084030128399015, 106.06713728773502]"
sphere3D_31.7_79.8_-76.9_106.0_0.csv,291,"[31.7, 79.8, -76.9, 106.0]",1.601172859494132e7,"[31.56251658197989, 80.79609017072382, -77.53292228009403, 105.93212943360358]"
sphere3D_34.4_75.6_48.2_116.0_0.csv,473,"[34.4, 75.6, 48.2, 116.0]",2.5891847972891722e7,"[34.57600310140411, 75.4645705423576, 48.224198199070166, 116.14477916488889]"
sphere3D_36.7_-5.2_67.4_102.0_0.csv,634,"[36.7, -5.2, 67.4, 102.0]",2.5919654627813492e7,"[36.53477227514765, -5.144371652234683, 67.3091404546604, 102.01027634691764]"
sphere3D_36.9_-43.5_-98.1_143.0_0.csv,730,"[36.9, -43.5, -98.1, 143.0]",6.2255441004034504e7,"[36.94677193496906, -43.4167462357439, -98.07380665983939, 143.08790646672895]"
sphere3D_38.2_81.6_-50.1_143.0_0.csv,830,"[38.2, 81.6, -50.1, 143.0]",6.4762147275205225e7,"[38.11286705715048, 81.32762396225532, -50.0713196998222, 142.9839356306455]"
sphere3D_38.6_-46.1_56.1_68.0_0.csv,493,"[38.6, -46.1, 56.1, 68.0]",9.646619210785149e6,"[38.71646827087464, -46.65692251325865, 56.434653567830644, 67.98183390704325]"
sphere3D_39.3_-11.3_49.3_99.0_0.csv,297,"[39.3, -11.3, 49.3, 99.0]",1.0767495945768945e7,"[39.273476976992285, -11.271338009489163, 49.17068918054117, 99.04096877759382]"
sphere3D_39.4_15.0_-72.7_127.0_0.csv,40,"[39.4, 15.0, -72.7, 127.0]",2.1825195452799005e6,"[39.575527995397515, 14.077520807577846, -71.93167610030706, 127.25249453165621]"
sphere3D_4.6_-57.1_86.2_6.0_0.csv,603,"[4.6, -57.1, 86.2, 6.0]",91194.97580598551,"[4.36516108708768, -57.12514457094093, 86.29839828469605, 6.1955525949412396]"
sphere3D_4.8_-1.5_-32.7_42.0_0.csv,300,"[4.8, -1.5, -32.7, 42.0]",2.142160375827285e6,"[4.8006947161539975, -1.971183151215581, -32.203593719057906, 42.104041121198364]"
sphere3D_40.5_7.3_-14.1_13.0_0.csv,962,"[40.5, 7.3, -14.1, 13.0]",647800.6915941233,"[40.706663520303955, 7.429274561579134, -14.188658775152986, 13.117349534715427]"
sphere3D_40.8_66.5_65.2_146.0_0.csv,374,"[40.8, 66.5, 65.2, 146.0]",2.7549282079304796e7,"[40.91191181252408, 66.4533039307236, 65.09621756420344, 145.89528452491007]"
sphere3D_42.1_21.9_52.5_71.0_0.csv,101,"[42.1, 21.9, 52.5, 71.0]",3.676823728585123e7,"[37.25778749017843, 22.91960346906406, 48.30743415272276, 72.70409389210367]"
sphere3D_42.9_4.0_22.0_71.0_0.csv,40,"[42.9, 4.0, 22.0, 71.0]",629512.7545414389,"[42.852412577518336, 3.2643440760689586, 22.443639441551902, 71.2062171153495]"
sphere3D_45.4_-92.8_-46.0_38.0_0.csv,302,"[45.4, -92.8, -46.0, 38.0]",1.6751171758536445e6,"[45.46212392876549, -92.8714791903181, -45.963396683005016, 37.97870915138721]"
sphere3D_47.1_-95.8_64.5_71.0_0.csv,527,"[47.1, -95.8, 64.5, 71.0]",9.896729646891853e6,"[46.92377530045115, -96.03545098005746, 64.7031897967923, 70.93945205174573]"
sphere3D_48.0_-54.3_-37.1_99.0_0.csv,274,"[48.0, -54.3, -37.1, 99.0]",1.0822952782820215e7,"[48.05345577733669, -53.93933081000069, -37.30348049725755, 99.06599737458271]"
sphere3D_5.1_-55.0_18.4_109.0_0.csv,601,"[5.1, -55.0, 18.4, 109.0]",2.8357548706812523e7,"[5.229643503960961, -54.94983367613511, 18.371104135475782, 109.00460340318847]"
sphere3D_50.5_52.3_91.6_78.0_0.csv,542,"[50.5, 52.3, 91.6, 78.0]",1.3489429122412764e7,"[50.614038585182755, 52.393587924973765, 91.53189115168828, 78.00820978730128]"
sphere3D_51.0_85.2_17.8_108.0_0.csv,574,"[51.0, 85.2, 17.8, 108.0]",2.49762437586847e7,"[50.99707582645607, 84.59809575963818, 18.15319501101896, 108.16536514250107]"
sphere3D_51.5_17.5_62.3_108.0_0.csv,199,"[51.5, 17.5, 62.3, 108.0]",8.146558392010572e6,"[51.5617632296346, 17.452511375787417, 62.30916968173777, 108.12300222912941]"
sphere3D_55.9_-30.0_-87.6_9.0_0.csv,286,"[55.9, -30.0, -87.6, 9.0]",89127.281613627,"[55.99387791276862, -30.089352028495252, -87.57425247711986, 9.134953968842245]"
sphere3D_56.1_-65.2_38.4_19.0_0.csv,358,"[56.1, -65.2, 38.4, 19.0]",514503.8718306854,"[56.01703891264311, -65.3964858633032, 38.42493782746299, 19.024020772635303]"
sphere3D_57.0_48.2_-63.1_33.0_0.csv,677,"[57.0, 48.2, -63.1, 33.0]",3.0388920547477277e6,"[57.103999622768775, 48.283219189233535, -63.252446269991175, 33.07167800490199]"
sphere3D_57.1_-33.7_48.1_117.0_0.csv,206,"[57.1, -33.7, 48.1, 117.0]",1.0901689715873726e7,"[56.76067531776487, -33.52454195733791, 47.994137481852654, 117.06930516509416]"
sphere3D_57.6_5.5_-37.3_12.0_0.csv,333,"[57.6, 5.5, -37.3, 12.0]",190392.85738142408,"[57.79480238626259, 5.692432340864356, -37.45383964266549, 12.202985954310819]"
sphere3D_59.2_-57.3_1.3_106.0_0.csv,475,"[59.2, -57.3, 1.3, 106.0]",2.1090698702811677e7,"[59.08900808172348, -56.9681403215302, 1.231282256252739, 105.98139458161178]"
sphere3D_59.4_15.3_6.5_13.0_0.csv,922,"[59.4, 15.3, 6.5, 13.0]",592658.0409326624,"[59.47736521892558, 15.483997276344715, 6.394913194089634, 13.117921834114311]"
sphere3D_6.1_-42.2_67.0_9.0_0.csv,85,"[6.1, -42.2, 67.0, 9.0]",22521.58697219833,"[5.493294287820632, -42.51609332993605, 67.40592095721962, 8.999580504106712]"
sphere3D_6.2_-67.3_66.7_25.0_0.csv,453,"[6.2, -67.3, 66.7, 25.0]",1.2478925956535584e6,"[6.3257901550525455, -67.5664060303429, 66.87009001746452, 25.028561915084776]"
sphere3D_6.7_-97.6_44.6_38.0_0.csv,788,"[6.7, -97.6, 44.6, 38.0]",4.513871521408192e6,"[6.767410929860989, -97.91280553214558, 44.75960721145705, 38.01836912401632]"
sphere3D_61.7_-90.2_-68.9_109.0_0.csv,584,"[61.7, -90.2, -68.9, 109.0]",2.9149795621895008e7,"[61.756110419016245, -90.2216685356408, -68.93266854920708, 109.01168195055267]"
sphere3D_61.8_-57.6_77.0_148.0_0.csv,685,"[61.8, -57.6, 77.0, 148.0]",5.975388750878489e7,"[61.778768321116864, -57.47961699464448, 76.90502585634971, 148.04870212882506]"
sphere3D_62.0_-75.1_31.6_20.0_0.csv,827,"[62.0, -75.1, 31.6, 20.0]",1.2188061290050608e6,"[61.941939912384186, -75.35908028885066, 31.800867826422405, 20.04688447037412]"
sphere3D_63.6_-50.0_-42.3_136.0_0.csv,394,"[63.6, -50.0, -42.3, 136.0]",3.0209331518436152e7,"[63.499730218113456, -50.00116550613071, -42.252600181059975, 135.96277729370627]"
sphere3D_64.4_-81.0_17.4_106.0_0.csv,529,"[64.4, -81.0, 17.4, 106.0]",1.362604841420128e8,"[62.86987140541521, -75.54543952782423, 14.403642333691938, 106.68954310779532]"
sphere3D_64.4_77.3_35.4_25.0_0.csv,330,"[64.4, 77.3, 35.4, 25.0]",902109.9211270385,"[64.42761541584035, 77.64600761585534, 35.22838982172987, 25.121870534904687]"
sphere3D_65.2_92.7_37.4_122.0_0.csv,838,"[65.2, 92.7, 37.4, 122.0]",9.120987410658771e7,"[64.5634125876266, 90.83557201984362, 38.038377958996314, 122.25897122932939]"
sphere3D_65.6_-57.2_83.0_128.0_0.csv,404,"[65.6, -57.2, 83.0, 128.0]",3.0443486765508734e7,"[65.66718083600075, -56.32450130757726, 82.31196753658938, 128.21953423139476]"
sphere3D_65.6_52.5_-78.2_150.0_0.csv,819,"[65.6, 52.5, -78.2, 150.0]",7.668780660417508e7,"[65.55056719173298, 52.460710650703724, -78.13803721963866, 150.00848325551092]"
sphere3D_66.7_78.7_-1.8_144.0_0.csv,33,"[66.7, 78.7, -1.8, 144.0]",2.0433657713176934e6,"[66.90560190214993, 78.069606808896, -1.494725886216587, 144.0567684176087]"
sphere3D_67.7_-57.7_88.8_105.0_0.csv,743,"[67.7, -57.7, 88.8, 105.0]",3.008085248490059e7,"[67.85084911476977, -58.141702407916625, 89.1126589302518, 104.9541180136559]"
sphere3D_67.9_29.4_37.1_66.0_0.csv,96,"[67.9, 29.4, 37.1, 66.0]",1.6043356081705086e6,"[68.05192145897588, 29.15927354469493, 37.216649738915876, 65.96535404651242]"
sphere3D_69.3_63.2_44.6_10.0_0.csv,136,"[69.3, 63.2, 44.6, 10.0]",52907.459483163235,"[69.23472483224998, 62.66043640030864, 45.00857766908846, 10.152476764871768]"
sphere3D_69.7_-2.2_-21.2_16.0_0.csv,675,"[69.7, -2.2, -21.2, 16.0]",671606.9402579891,"[69.77896536806429, -2.3042459309894996, -21.1512753386704, 16.125656234682705]"
sphere3D_70.4_-98.9_69.1_87.0_0.csv,966,"[70.4, -98.9, 69.1, 87.0]",2.8417343687440366e7,"[70.46168055419922, -99.05882012248857, 69.20650425498397, 86.99163697847277]"
sphere3D_70.9_-38.1_-8.2_25.0_0.csv,934,"[70.9, -38.1, -8.2, 25.0]",2.363994639148537e6,"[70.94539684440137, -38.0924378921459, -8.239402894178443, 25.009077972854197]"
sphere3D_73.1_-73.1_-50.8_8.0_0.csv,100,"[73.1, -73.1, -50.8, 8.0]",20012.446126573377,"[73.13647232111002, -72.98067745042374, -50.76701605556447, 8.136778183007134]"
sphere3D_73.5_32.4_-51.1_32.0_0.csv,287,"[73.5, 32.4, -51.1, 32.0]",1.1977349706831272e6,"[73.57095329163168, 32.30389594262293, -51.086625216259364, 32.06659129237806]"
sphere3D_73.9_-16.4_-67.7_59.0_0.csv,288,"[73.9, -16.4, -67.7, 59.0]",4.565752194981882e6,"[74.15950017417806, -16.388257376922187, -67.79555904761638, 59.0879853083583]"
sphere3D_75.4_-51.0_74.7_59.0_0.csv,188,"[75.4, -51.0, 74.7, 59.0]",2.340183061894403e6,"[75.4399088439489, -51.10824651192478, 74.7980728732517, 59.057966548144634]"
sphere3D_75.6_18.6_-8.8_115.0_0.csv,945,"[75.6, 18.6, -8.8, 115.0]",5.133568262698181e7,"[75.57131914388864, 18.37851352128078, -8.774062995799426, 115.02333866259644]"
sphere3D_77.1_15.0_43.6_27.0_0.csv,188,"[77.1, 15.0, 43.6, 27.0]",642238.155856764,"[77.11066913080933, 14.952221058932574, 43.565271149269954, 27.072463753965163]"
sphere3D_77.3_99.5_8.3_142.0_0.csv,128,"[77.3, 99.5, 8.3, 142.0]",1.128393298040455e7,"[76.9664848672861, 99.11226114229133, 8.31175850877031, 141.9907465964998]"
sphere3D_77.4_35.5_66.5_50.0_0.csv,459,"[77.4, 35.5, 66.5, 50.0]",4.428523606221582e6,"[77.39792883260111, 35.46124205267191, 66.58357590080537, 49.99221749272219]"
sphere3D_78.2_-74.2_89.3_135.0_0.csv,926,"[78.2, -74.2, 89.3, 135.0]",8.553765905882609e7,"[78.4774729888011, -75.54571614683381, 90.28341520591644, 134.78552901517145]"
sphere3D_78.4_75.4_-13.5_13.0_0.csv,145,"[78.4, 75.4, -13.5, 13.0]",95289.86335911445,"[78.29089557896012, 75.66085330910484, -13.694748729311883, 13.0126962599058]"
sphere3D_78.7_32.8_22.9_17.0_0.csv,954,"[78.7, 32.8, 22.9, 17.0]",1.0702208923176643e6,"[78.76781245361377, 33.02873913834581, 22.813199607520428, 17.134062261757776]"
sphere3D_78.7_95.0_91.0_6.0_0.csv,799,"[78.7, 95.0, 91.0, 6.0]",119245.78559068938,"[78.52586601460597, 95.11398092650593, 90.98803948360649, 6.211108989859896]"
sphere3D_78.8_94.8_68.0_84.0_0.csv,90,"[78.8, 94.8, 68.0, 84.0]",1.8568829346240691e6,"[79.06740901814658, 95.17088505427724, 67.8664875331362, 84.0414621877777]"
sphere3D_8.4_71.8_-90.1_13.0_0.csv,688,"[8.4, 71.8, -90.1, 13.0]",433595.7039328254,"[8.379658191383479, 72.00572924293921, -90.21090803842445, 13.133768487023467]"
sphere3D_81.5_-18.6_92.1_64.0_0.csv,985,"[81.5, -18.6, 92.1, 64.0]",1.5664055919581955e7,"[81.45674417506592, -18.770388517407117, 92.23142013880549, 63.96538503014372]"
sphere3D_81.7_47.0_-75.5_148.0_0.csv,181,"[81.7, 47.0, -75.5, 148.0]",1.574266705747793e7,"[81.70056734236213, 46.511808765117664, -75.20615627705797, 148.01992181132985]"
sphere3D_82.1_24.3_45.2_133.0_0.csv,902,"[82.1, 24.3, 45.2, 133.0]",6.529987778844256e7,"[81.95954442639207, 24.3164489447207, 45.19349814057197, 133.05313611072123]"
sphere3D_83.1_95.4_-60.8_115.0_0.csv,722,"[83.1, 95.4, -60.8, 115.0]",4.000011444229999e7,"[83.16698854460276, 95.83407992425096, -60.97634566398507, 115.03702537627662]"
sphere3D_84.4_18.1_35.6_123.0_0.csv,638,"[84.4, 18.1, 35.6, 123.0]",3.941653818843684e7,"[84.18086357417222, 18.029141602274464, 35.5208807665651, 123.04830634707754]"
sphere3D_85.2_32.2_8.0_101.0_0.csv,132,"[85.2, 32.2, 8.0, 101.0]",4.813079679355013e6,"[84.58811560845552, 32.088845813074855, 8.023732808476106, 100.90371199339349]"
sphere3D_86.9_-24.1_-96.4_41.0_0.csv,68,"[86.9, -24.1, -96.4, 41.0]",303273.75392779574,"[86.78410899052237, -23.97122412721749, -96.39607234160967, 41.005056020719174]"
sphere3D_87.6_-19.0_5.6_8.0_0.csv,792,"[87.6, -19.0, 5.6, 8.0]",193076.56280163617,"[87.520675071623, -18.993380619203887, 5.66796927523035, 8.162022201298715]"
sphere3D_89.3_-72.2_25.5_97.0_0.csv,181,"[89.3, -72.2, 25.5, 97.0]",7.346309698056987e6,"[89.41749627914157, -72.57342721746153, 25.76102095304884, 96.97291183454965]"
sphere3D_90.0_91.0_54.2_54.0_0.csv,998,"[90.0, 91.0, 54.2, 54.0]",1.1222576715159891e7,"[90.16844268017756, 91.08294174698142, 54.13289659704509, 54.08131700265079]"
sphere3D_90.7_59.5_43.7_139.0_0.csv,921,"[90.7, 59.5, 43.7, 139.0]",7.371541631250653e7,"[90.52813762139134, 59.30052740808882, 43.79459197295904, 138.97888970378008]"
sphere3D_92.3_-69.6_81.5_130.0_0.csv,721,"[92.3, -69.6, 81.5, 130.0]",5.135203292940281e7,"[92.50736343297838, -70.3189846805253, 81.97572252705538, 129.93759591883267]"
sphere3D_92.4_80.1_84.3_111.0_0.csv,851,"[92.4, 80.1, 84.3, 111.0]",4.2255325931682274e7,"[92.39482924635718, 80.36345858834304, 84.16571257682925, 111.00258178931024]"
sphere3D_93.6_-89.7_-90.0_58.0_0.csv,996,"[93.6, -89.7, -90.0, 58.0]",1.3551706316984389e7,"[93.66111362143508, -89.73481743844658, -90.00766736475275, 58.028244517481305]"
sphere3D_93.8_82.0_-39.2_127.0_0.csv,962,"[93.8, 82.0, -39.2, 127.0]",9.751945411678639e7,"[94.51332790288171, 83.86034455609784, -40.256199056763116, 126.9041903815087]"
sphere3D_95.5_66.4_-60.7_42.0_0.csv,948,"[95.5, 66.4, -60.7, 42.0]",7.181202327255223e6,"[95.55582675619198, 66.51787746099714, -60.79202256531024, 42.08246307178789]"
sphere3D_96.0_-93.5_-36.3_49.0_0.csv,620,"[96.0, -93.5, -36.3, 49.0]",5.8123635307699265e6,"[96.14507528336793, -93.4456297687772, -36.3450289635312, 49.03496322545103]"
sphere3D_97.2_65.4_-94.5_27.0_0.csv,609,"[97.2, 65.4, -94.5, 27.0]",1.7461971460727486e6,"[97.10542160744524, 65.40919065163686, -94.6015018455738, 27.039340818626282]"
sphere3D_97.8_-91.8_65.0_106.0_0.csv,575,"[97.8, -91.8, 65.0, 106.0]",2.5607609976904776e7,"[97.88213683198708, -91.99394667438004, 65.14044550006021, 106.03186806394551]"
sphere3D_98.4_-48.4_23.0_145.0_0.csv,353,"[98.4, -48.4, 23.0, 145.0]",3.405901647211565e7,"[98.4533921673333, -48.28498996181431, 22.809502727407224, 145.08881382456917]"
