name,npts,solution,resíduo algébrico,resíduo geométrico,gradiente algébrico,gradiente geométrico
sphere2D_-0.4_92.1_6.0_0.csv,694,"[-0.5186526574146321, 92.04234728073278, 6.403611076087949]",112645.8564877813,577.642606962786,[2.65766857410199e-8 -2.1264650484908998e-7 35181.9794039318],[-8.435762263211116 -17.402213066184473 327.82706827529637]
sphere2D_-1.0_92.1_97.0_0.csv,438,"[-1.0138377277629063, 92.20772810508352, 97.01460894367645]",1.700815419738376e7,358.6779141499236,[-4.334251570980996e-7 -5.776866309759043e-7 350630.7840153672],[0.8504716180866949 0.5415319026471965 13.9721221183608]
sphere2D_-1.2_63.9_144.0_0.csv,59,"[-1.2011391230117257, 64.13578350502883, 144.07134523980355]",4.733564735309591e6,48.134464837135994,[-7.453490979969501e-8 -2.0317872895248001e-7 65711.39774452409],[0.2716445160275702 0.18352772289170027 1.186960655270866]
sphere2D_-11.3_-64.3_8.0_0.csv,204,"[-11.29683852941859, -64.14632366301291, 8.17128689057493]",42355.962040082384,144.0921709872123,[3.906109213858144e-9 2.2419676781737508e-8 10367.023606998062],[-3.9008715656211006 4.618267810168778 59.9867564332156]
sphere2D_-11.7_-32.3_135.0_0.csv,876,"[-11.75315045030614, -32.31565925740015, 135.08215593550108]",6.40605485574349e7,704.1638523598294,[-1.2108607734262478e-6 1.1927351529550378e-5 948467.961798953],[1.5941859942234298 -1.2260594825119178 19.497338089377877]
sphere2D_-12.1_81.8_148.0_0.csv,925,"[-12.065361729156262, 81.82236702729955, 148.005619394908]",8.437344207166071e7,748.731527811482,[2.1368705347413197e-6 -9.881339590123162e-6 1.1401383598280866e6],[-1.820654831491514 1.6139055560241788 19.51685829456477]
sphere2D_-12.9_-4.1_42.0_0.csv,89,"[-12.979720853998995, -4.368692467731032, 42.04811344710014]",539070.2128268508,63.05929209680409,[1.8399077816866338e-9 4.46884129701175e-9 25640.63729064837],[-3.0746379415121172 0.7704704253186324 5.41657778240922]
sphere2D_-13.2_12.1_137.0_0.csv,899,"[-13.198819109626154, 12.043411187405228, 136.981693775111]",6.4829551731083155e7,696.3319601927592,[3.029679646715522e-6 -2.8775732516805874e-6 946543.2926732517],[0.5161187616436571 -0.930613218996035 18.91765202045815]
sphere2D_-14.1_-35.8_123.0_0.csv,623,"[-14.072142687639557, -35.79697651333744, 122.94387961412339]",3.8072280653041355e7,502.3828057693857,[2.706408849917352e-6 -9.00525094493787e-7 619344.0579948582],[0.2083802258764662 -0.092888127345256 15.363884220976615]
sphere2D_-16.2_-60.1_80.0_0.csv,720,"[-16.195632888410195, -60.049921546478494, 79.98166158291397]",1.778505229523409e7,558.8859858671639,[-3.668683348223567e-7 2.7101282285002526e-7 444728.2525324421],[-0.35141620522230177 3.085378745389835 26.074834267400632]
sphere2D_-16.7_18.1_78.0_0.csv,838,"[-16.708439281922704, 18.069243695129504, 78.04429246918872]",2.0312067722984083e7,658.1936118536084,[2.3718166630715132e-7 1.5592149793519638e-7 520526.66710950027],[0.0030583989326911087 -0.5582780456548604 32.05905581577605]
sphere2D_-16.8_70.0_69.0_0.csv,545,"[-16.9071922266739, 70.09171079628912, 68.97119266227266]",9.982853803703401e6,434.7797656247723,[-3.1901140573609155e-7 1.5423731118957562e-6 289478.9380401735],[1.2281618919992485 -1.7930369993888184 22.807512865683123]
sphere2D_-17.9_68.5_148.0_0.csv,384,"[-17.887590047574715, 68.58543543919716, 147.92067622139945]",3.2441134453381397e7,304.5485198843833,[1.6397098079323769e-7 -7.210275612123951e-7 438628.8013583976],[0.645672028849412 0.03509911448976211 7.515813410698058]
sphere2D_-18.8_-47.3_32.0_0.csv,447,"[-18.825298717605165, -47.285669240366424, 32.1373034241802]",2.026981808450004e6,365.8215195177715,[-1.496198365202872e-8 1.4485891330906497e-7 126145.10817527195],[-5.9858901153534685 -3.073575056078577 45.85282669552017]
sphere2D_-2.0_-66.1_131.0_0.csv,416,"[-1.9902269328633477, -66.14448561017365, 131.0369122617713]",2.7743720017112657e7,331.3709064904021,[-1.344509655609727e-6 1.2425495867773861e-6 423448.92806693265],[0.05097127044880301 -0.37609427870001366 9.248378721990889]
sphere2D_-2.3_35.3_27.0_0.csv,787,"[-2.241160989302496, 35.311590339810515, 27.026961104646908]",2.166511179221577e6,608.7543770490076,[-9.967561709345318e-8 -1.3016523325859453e-7 160322.21830895837],[5.529076396440672 0.5653808963784764 82.43194001434617]
sphere2D_-20.0_-61.2_124.0_0.csv,230,"[-19.85319146376568, -61.23465332372259, 124.06187987620201]",1.412402414149004e7,185.20418307532816,[-9.756695362739265e-8 1.38850283804004e-6 227693.2149605308],[0.6465191983875177 0.5454244862926522 5.551253686236834]
sphere2D_-21.4_-89.6_77.0_0.csv,32,"[-21.181426293455235, -89.71234452619709, 76.8640847495714]",881209.7425119185,29.143723746994638,[7.785274647176266e-9 -8.248139238276053e-8 22929.037544108825],[0.04782971249997825 -0.49929774105734115 1.4561957361974294]
sphere2D_-21.6_-27.2_150.0_0.csv,845,"[-21.53245610912024, -27.22426868853285, 150.031203161862]",7.26074565977837e7,672.7431396161126,[-5.334062734618783e-6 -1.4789387051905578e-5 967898.0780991258],[-1.0705303095603451 -0.9496271091927722 16.12494313741331]
sphere2D_-24.2_23.7_61.0_0.csv,726,"[-24.29228817579783, 23.71999170380096, 61.02581967144668]",1.0410728626104165e7,575.0894700369087,[2.1796040527988225e-8 1.0189921795245027e-7 341190.94777088653],[6.327836417807185 -0.07518242659846697 34.372052483803884]
sphere2D_-24.9_-96.7_146.0_0.csv,283,"[-25.11108085519875, -96.60714782527926, 145.98147131177168]",2.537016090926758e7,232.59744674613756,[-8.638598956167698e-7 4.172533863311401e-6 347580.5618537327],[-0.9749522032476365 0.06528560911359305 6.117090630262851]
sphere2D_-26.0_-94.9_98.0_0.csv,888,"[-25.961112385701664, -94.8489451003911, 98.07627999158726]",3.362270747860774e7,715.7797926492228,[-2.4766704882495105e-6 -6.562468740867189e-6 685644.0207899046],[1.57781227440653 2.6784557998032863 26.734151751925367]
sphere2D_-28.1_-52.2_117.0_0.csv,37,"[-28.187496690046437, -52.29800356550385, 117.11707596478671]",1.4331729026440363e6,25.99259141412776,[-4.7752109821885824e-8 8.248832727986155e-10 24474.192014208056],[-0.12528052616100338 0.2957539712858222 0.6693090707225338]
sphere2D_-28.4_-58.7_88.0_0.csv,118,"[-28.417025508677035, -58.784546391982424, 87.92882260339888]",3.514975326884059e6,91.51696112244878,[-4.453613655641675e-8 7.730483275736333e-8 79950.46954652331],[1.3848894862949215 -0.6390020242658432 3.8810678379342107]
sphere2D_-28.6_-64.5_97.0_0.csv,323,"[-28.520774256570082, -64.43628225823767, 97.01563551016925]",1.232099089674884e7,262.9198231115173,[1.8478749552741647e-7 -3.192338340340939e-7 254000.10693124638],[1.7064920151967682 0.18734438040033355 10.119962534121669]
sphere2D_-29.8_74.9_74.0_0.csv,908,"[-29.889750320158146, 74.79887081717243, 74.03940449567435]",2.2208431262321908e7,770.403270145958,[-2.3734173737466335e-7 1.244925442733802e-7 599908.4248054761],[-5.435181039107101 -3.118894684256049 41.057624454805165]
sphere2D_-3.9_74.8_49.0_0.csv,841,"[-3.9496561012486278, 74.85985662786415, 49.052504907033644]",8.5121676048529e6,680.6763411752268,[1.909011189127341e-7 1.959263727258076e-6 347063.52390666393],[0.7899601980246986 2.8548462929071583 54.14883204746566]
sphere2D_-30.2_90.2_85.0_0.csv,346,"[-30.1831780337198, 90.35332338529824, 85.07035445668596]",8.349328697580073e6,250.80025761833747,[-1.0518851922824979e-6 9.08230229246243e-7 196292.3218270055],[-1.0608289817319063 1.589320952663601 10.168560799338337]
sphere2D_-31.2_5.5_116.0_0.csv,329,"[-31.145153353711613, 5.555059562278301, 116.0400860572963]",1.784039860216224e7,262.13259296526394,[-4.451358108781278e-7 7.675543827190268e-7 307486.8212926226],[-0.5362255787725353 -1.0366295572520248 8.562699508652145]
sphere2D_-31.4_-77.1_90.0_0.csv,569,"[-31.367464997343244, -77.05971886749882, 90.07375023082771]",1.8133351942244098e7,455.7088529101396,[3.706372808665037e-7 -1.0297804919900955e-7 402633.4397264628],[0.08902136823876905 -1.796668146042948 18.613725333015367]
sphere2D_-31.6_78.5_71.0_0.csv,200,"[-31.513552864335754, 78.34984135816475, 71.02537414958888]",3.981205216354297e6,164.03661425315858,[-5.3150870371609926e-8 1.0462686930168275e-6 112106.56090170819],[0.01428537528596685 -0.24109730344069263 8.33974373071112]
sphere2D_-32.1_19.0_75.0_0.csv,152,"[-32.069589409184246, 18.98052580893745, 74.89398846430083]",3.2610966649773926e6,118.8528260580825,[-4.808680387213826e-8 1.0783423931570724e-8 87085.67221064461],[2.013237051117508 -0.33948061202264807 5.829589372291622]
sphere2D_-32.7_-64.2_107.0_0.csv,952,"[-32.70622801845937, -64.14375072490155, 106.95366016076272]",4.352131752661172e7,764.1860340106302,[3.310851752758026e-7 4.462680465167068e-7 813835.0283892683],[-0.3787392966523747 0.8211654177883916 26.675494018393152]
sphere2D_-35.2_-77.6_71.0_0.csv,194,"[-34.84156092813251, -77.51875202905345, 71.0309311075463]",3.441561604887691e6,144.63511890207081,[-3.5614357329905033e-7 4.6321656554937363e-7 96903.18150880685],[0.7522874749001929 -0.2755993655380493 7.208657461585659]
sphere2D_-35.9_-76.2_103.0_0.csv,384,"[-35.851656067261096, -76.34784540840977, 103.03573048499238]",1.699809757347535e7,321.56214935448526,[-2.9103830456733704e-11 -1.4041074223314354e-6 329945.68958612246],[0.39678218085835937 -0.36416770504745466 11.660246061341184]
sphere2D_-35.9_82.2_142.0_0.csv,512,"[-35.911825713073576, 82.24102853473637, 142.11958190598494]",4.296339294972487e7,422.5509996010894,[-2.2836029529571533e-6 1.3505684819392627e-6 604609.0534982464],[-0.4979772862275733 0.5870457447115316 11.225767239376921]
sphere2D_-36.0_-95.3_48.0_0.csv,322,"[-35.95538434964931, -95.28886288205425, 48.128238381635946]",2.558493665937699e6,241.1498799321104,[-3.1785748433321714e-7 1.0974326869472861e-6 106319.85512079581],[2.7917083224034993 -0.38395659586835684 17.217592196548566]
sphere2D_-37.7_-26.0_135.0_0.csv,638,"[-37.73222856189992, -25.955042495969625, 135.03318176725384]",4.957164533342623e7,524.0407831726457,[-2.7127680368721485e-7 -4.649211291507527e-7 734214.2825135983],[0.4252152245522476 -2.334792499841153 15.10353269228699]
sphere2D_-39.7_-50.3_26.0_0.csv,514,"[-39.716182764037, -50.318613342739326, 26.0704890588789]",1.3311072195928637e6,393.75831128771614,[-1.7535057850182056e-8 9.294672054238617e-8 102116.01451674754],[3.095865800761473 -2.3506694541954847 56.482009306191124]
sphere2D_-4.5_-78.2_126.0_0.csv,773,"[-4.485278222672953, -78.1942838733239, 126.02919959929406]",5.296880115208003e7,648.0725204532765,[1.3536591723095626e-6 2.199075382236515e-6 840579.8230959724],[1.2499847050541535 -0.7442355776630966 19.849132321531897]
sphere2D_-4.8_80.1_88.0_0.csv,19,"[-4.665330114055345, 80.56009001080861, 87.88194436053328]",358841.16503936076,12.18206895556392,[-1.4015313354320824e-8 4.053375413093363e-8 8166.436636089309],[0.05359940082842263 -0.0886904873183667 0.3967882230115265]
sphere2D_-40.8_-26.2_60.0_0.csv,678,"[-40.869642372338234, -26.163774879672598, 60.097810168890156]",1.0668228538056105e7,563.764737078277,[5.934966793574858e-7 -6.028052155215846e-7 355028.86072098295],[3.040058673822508 3.880191835291815 36.85660036108456]
sphere2D_-41.1_19.2_63.0_0.csv,78,"[-41.144757504541666, 19.089225398064755, 63.02346703337745]",1.3358822851021097e6,60.541491212333824,[4.0636223275214434e-8 4.142162879361422e-8 42393.170290064416],[-2.407055564588056 -1.4556396328725763 4.001253479321093]
sphere2D_-41.2_-38.9_69.0_0.csv,31,"[-41.115039090487166, -38.18256145870382, 68.96884203581097]",604574.5416926865,26.325622188064727,[8.636561688035727e-9 -8.257870831585024e-8 17531.816508578668],[0.16009914866678887 -0.43605628444596134 1.3844372251052164]
sphere2D_-42.7_27.6_78.0_0.csv,346,"[-42.79580195550514, 27.723912708019842, 78.00010561832165]",8.026443524316316e6,271.64835772026686,[-1.3239332474768162e-7 1.571875145600643e-7 205805.9655354332],[-2.191931918501855 1.1557596963293981 12.694647913151954]
sphere2D_-43.5_-81.8_33.0_0.csv,351,"[-43.43300549535499, -81.75389557858261, 33.04979441479518]",1.7922859242638496e6,301.10123589505537,[-1.9438084564171731e-7 2.0264235445210943e-7 108459.73211174269],[6.836089154025651 2.8097491174152798 37.32056395434005]
sphere2D_-43.8_-73.2_67.0_0.csv,477,"[-43.83745516533948, -73.20540842421491, 67.06679667007738]",9.069283135817854e6,397.6668527207482,[-1.6136618796736002e-6 -1.5686429861716533e-6 270455.2352579574],[-2.548824397270372 -0.08813436786933918 22.56384516381854]
sphere2D_-43.9_8.1_118.0_0.csv,751,"[-43.833786450843434, 8.105529356258447, 118.05400915506098]",4.048258043850325e7,592.2981106033792,[-2.5581102818250656e-6 -2.520287125662435e-6 685831.522846655],[-2.194358998528322 1.1727595197021965 18.460370992536298]
sphere2D_-44.5_-39.9_34.0_0.csv,469,"[-44.50593376372489, -39.74924829164374, 34.09219841461561]",2.0479552728787113e6,361.5807953375603,[1.6852754924912006e-7 1.7419677078578388e-7 120142.16554620332],[5.28500856491559 0.5055597425760451 38.762831812044816]
sphere2D_-44.5_50.4_75.0_0.csv,528,"[-44.56323950582086, 50.43676228532405, 74.97988336373484]",1.2183607932353912e7,422.1786063849856,[1.4730903785675764e-7 1.1574257996471715e-6 324983.3791609424],[1.1109851091896203 -1.7938136464377705 21.68024271649884]
sphere2D_-45.1_84.8_82.0_0.csv,801,"[-45.05640962603279, 84.85623795080153, 82.09287072706192]",2.1052795557318572e7,634.0544625916992,[-9.366704034619033e-7 -4.259978055642932e-6 512901.9212237264],[-1.2053473026748849 -1.3440121612989078 28.540178552264223]
sphere2D_-45.4_-97.3_136.0_0.csv,347,"[-45.34340510923974, -97.07850392249873, 136.05558552117398]",2.2181444392309356e7,261.89620512210695,[1.203734427690506e-6 -4.6427846882579615e-6 326064.44354815385],[0.2555061108748251 -0.5162741859701164 6.605404669314737]
sphere2D_-47.1_-91.6_54.0_0.csv,698,"[-47.09653833374881, -91.56574119854933, 54.021741617135234]",7.678742797316618e6,553.1685938953635,[-4.1192151911673136e-7 3.2264412652693863e-6 284283.4224751795],[4.732105155640686 -0.029903227445615667 36.54581250820527]
sphere2D_-48.2_32.9_25.0_0.csv,362,"[-48.27010250299255, 32.95728606469074, 25.011214573664034]",776544.7864449411,274.9587109503012,[1.6084868548205122e-8 1.6818336234791786e-7 62095.72783061796],[0.888285225798243 6.792344580671166 37.32325116119843]
sphere2D_-48.7_-83.8_5.0_0.csv,745,"[-48.762256745694806, -83.75205030809488, 5.381098716547929]",84058.49012454548,626.5822507480917,[5.75891107246207e-7 1.764043432217477e-6 31242.129030953147],[-34.35148566694811 22.43299225630348 421.7827667677889]
sphere2D_-49.8_-24.2_119.0_0.csv,177,"[-49.83353028922006, -24.11895334002984, 119.043840775566]",9.382505848495238e6,138.93004072501202,[5.080801201984286e-7 2.9903699072519885e-8 157631.1010695551],[-0.23868019236902915 -0.7699268133867749 4.1716579277716335]
sphere2D_-52.1_-95.1_18.0_0.csv,870,"[-52.10739518284407, -95.08992927599054, 18.068304953728305]",1.1373022586356166e6,696.3930027962509,[-3.550405835994752e-7 -1.910035194896409e-6 125889.20339312112],[-0.128115687742973 17.866320510916623 145.22629903486273]
sphere2D_-52.5_37.8_129.0_0.csv,733,"[-52.50495819239389, 37.8102947012697, 129.05408843868958]",4.785085231158989e7,580.890030540008,[-5.00725582242012e-6 1.54822214426531e-6 741562.7492367596],[0.9908472180241477 -0.7204081134090008 16.69691831204156]
sphere2D_-53.6_-7.2_95.0_0.csv,507,"[-53.525652744238315, -7.250933763786771, 94.96901475420535]",1.6952477462811e7,388.1956370544378,[-4.4274202082306147e-7 -1.2098636830160103e-6 357010.7051563789],[-1.4017176546717345 1.1282551292788747 14.842125745092659]
sphere2D_-53.8_98.7_43.0_0.csv,120,"[-53.77229096453242, 98.76745750530621, 43.01233240957679]",751595.1648730241,88.24071129507165,[-2.042042979155667e-7 5.614743940896005e-7 34947.89158164871],[0.2255872962390808 -1.8191365452745212 7.090963049746762]
sphere2D_-54.4_-14.3_95.0_0.csv,377,"[-54.43734213833577, -14.39501120508888, 95.14688453868882]",1.1855756311166042e7,272.99391494165843,[-7.026974344626069e-7 -5.662964213115629e-7 249209.5536014322],[-2.332618771247543 -0.07594861919950516 10.318806196052435]
sphere2D_-55.4_-77.3_61.0_0.csv,269,"[-55.50053880533289, -77.26221179005421, 61.05156932832067]",3.9657236760541163e6,213.8068448125701,[1.0687290341593325e-7 1.2718102198050474e-6 129913.89802917524],[-1.4178024839406178 0.7963609563737856 13.07696699353238]
sphere2D_-55.7_28.6_49.0_0.csv,326,"[-55.76520237123661, 28.69173685557367, 49.15426244510021]",3.443780765659902e6,271.74307256135876,[-4.2879037209786475e-8 5.058816867631322e-7 140121.34835728788],[-1.417090721286279 1.074959910853051 21.747655885744848]
sphere2D_-55.8_-86.4_30.0_0.csv,881,"[-55.92787480958783, -86.48891796941874, 30.01994878544436]",3.1237672587753995e6,701.1365402158035,[-1.0708554327720776e-6 2.6227750140606076e-6 208112.76402680585],[1.5490513157903876 7.741835478569245 86.79822250746574]
sphere2D_-57.7_30.9_22.0_0.csv,717,"[-57.73264870836189, 30.79267317838871, 22.08300432957585]",1.3118519754490808e6,551.6839108192919,[-3.2820480555528775e-7 -7.103508181671714e-7 118811.00559251757],[11.239837671544892 -0.9082821505316039 91.58636750846104]
sphere2D_-58.8_6.0_121.0_0.csv,923,"[-58.79154761432141, 6.0009164347053945, 121.08064064564888]",5.4188556940243825e7,729.3833367673587,[-1.7834099708124995e-6 5.617944452751544e-6 895082.0982072873],[1.8706851851568043 -0.9531932697111555 22.89621075562593]
sphere2D_-60.5_-49.3_130.0_0.csv,183,"[-60.49331589006835, -49.314456394873396, 129.99319802590054]",1.4546532629629273e7,157.91120340625207,[7.562462087662425e-7 6.858638590401256e-8 223804.51978388688],[-0.30458239084883837 -0.7897031424893651 4.967489885826495]
sphere2D_-60.8_-78.2_24.0_0.csv,635,"[-60.759974115054995, -78.11412992419571, 24.113416187311266]",1.493647854173354e6,504.0269638550776,[-4.7105095291044563e-7 3.621424085054059e-7 123885.21332456233],[-14.216003575101098 2.2840979316506167 80.03695452500631]
sphere2D_-60.9_97.0_9.0_0.csv,994,"[-60.90226662490378, 97.023859217038, 9.199037793373318]",302008.4632335793,765.9483219122233,[1.6125241018016823e-6 2.04556363314623e-6 65660.88107699393],[5.362869659550654 -11.730577461507334 294.6434766015115]
sphere2D_-61.6_-19.7_74.0_0.csv,320,"[-61.73970512175354, -19.700510691263656, 74.09015406856666]",6.805142119691477e6,251.8201052926325,[-1.1395386536605656e-6 4.0660589561980487e-7 183698.95987389496],[0.11194733287374725 -1.8790476965091283 12.550736310408155]
sphere2D_-62.8_-42.3_79.0_0.csv,143,"[-62.65227475538044, -42.177986184685516, 79.01449898345454]",3.4526359546668106e6,114.96260519718705,[-5.275760486256331e-7 3.018295302581464e-8 87392.46591645936],[1.0652293558115093 0.42384762323864883 5.252853519238585]
sphere2D_-63.3_99.1_118.0_0.csv,748,"[-63.38167790515473, 99.05707499283993, 118.04128217912722]",3.979113732179583e7,587.9838140961335,[6.191694410517812e-6 6.0046598946428276e-6 674190.1915453095],[0.4605461724938107 -0.9129765071037125 18.143138173308614]
sphere2D_-64.4_-3.3_94.0_0.csv,673,"[-64.29662780217636, -3.2241031711781805, 94.02146025514645]",2.4891658482483532e7,547.0296820398979,[-2.6399502530694008e-6 1.5801462041054037e-6 529488.872325332],[-1.3972624676788206 1.3377419630644098 22.462095985593095]
sphere2D_-65.0_-41.0_42.0_0.csv,371,"[-65.05604813835325, -41.054198745664806, 41.96541697671757]",2.3380825327367866e6,275.1319679186225,[5.6390490499325097e-8 5.294987346360358e-7 111429.01470649938],[0.43856790701118475 1.2634276372469821 23.715498741903858]
sphere2D_-65.5_73.1_5.0_0.csv,261,"[-65.51029843668915, 73.21389489326711, 5.421284620396426]",32136.716219146518,212.48281331312836,[3.525129841364105e-7 -4.997661182670754e-7 11855.756890439667],[-10.12792660093022 33.77964267234495 154.5035777300418]
sphere2D_-66.8_91.9_81.0_0.csv,737,"[-66.82547605848697, 91.8708744747333, 80.99937233607139]",1.8960175870837003e7,584.5504158992269,[-9.065552148967981e-7 5.964038678030192e-6 468156.1183444102],[0.6719442943681191 1.742561465641435 26.751440028016503]
sphere2D_-66.9_-15.2_31.0_0.csv,551,"[-66.90886416344244, -15.091020685335563, 31.098192475060337]",2.130253135200456e6,448.9569724502896,[1.4366378309205174e-8 3.1402031197558244e-7 137001.7332613523],[5.093496105234692 0.511898927116001 53.23247645462587]
sphere2D_-67.5_53.4_89.0_0.csv,549,"[-67.49372908526607, 53.30220107676617, 88.98719363810017]",1.7537174938740995e7,442.88856797346045,[-2.5699628167785704e-6 1.1518538229893238e-6 394150.53383777523],[-1.1393637318962146 0.9688196779676578 18.6644859790388]
sphere2D_-68.7_63.1_149.0_0.csv,47,"[-68.88773829849191, 63.02581127626784, 149.25346674628793]",4.256208196824775e6,37.754575248610735,[-1.8312130123376846e-7 -1.3860892522643553e-7 57033.29094544421],[-0.21186601964658136 -0.14931384828051697 0.9601694252842776]
sphere2D_-69.7_-35.1_27.0_0.csv,286,"[-69.82231160196119, -35.05812659049108, 27.048296689355546]",764552.0267043216,219.8082335841673,[3.0177170629031025e-7 -1.6477742637022175e-7 56532.3602800775],[-6.925163017236675 -0.8603606565009222 29.031129278722545]
sphere2D_-70.5_1.0_105.0_0.csv,856,"[-70.4579690944412, 1.0240826905230183, 105.04060434758664]",3.7193826018557824e7,671.2903671321818,[-5.163019523024559e-8 -7.74902753164497e-6 708179.9700048831],[-0.21042584110511875 -1.2679620308483144 24.07364870983045]
sphere2D_-70.8_-66.9_29.0_0.csv,664,"[-70.82318321886295, -66.98453717571556, 29.035700573869118]",2.280088807598243e6,529.5343043505919,[-9.79648575594183e-7 -8.603281855812384e-7 157054.16177249662],[-7.031150411700539 9.507187207781607 69.90215387323556]
sphere2D_-71.4_-65.4_27.0_0.csv,251,"[-71.35261630472945, -65.2185120712881, 27.029934925885815]",713368.1515918346,198.02307430573185,[-4.248806817486184e-8 -9.601660444502613e-8 52783.56411579956],[-0.2624676185156931 -2.106721332356 27.135462194965996]
sphere2D_-72.3_71.5_102.0_0.csv,30,"[-72.18511195183665, 71.60995705294147, 102.07983706609302]",1.0434152201678487e6,20.511704573105717,[-5.08371158502996e-8 -4.855309043705347e-9 20443.12079968315],[0.4439004893188079 -0.30981978119835196 0.7359896841786338]
sphere2D_-72.8_85.6_13.0_0.csv,694,"[-72.79707521855863, 85.55057276990229, 13.154835656956818]",495601.94014557794,564.2991318433897,[3.036044176951691e-6 -2.8402162079999016e-6 75349.01282324128],[2.4030069278134274 -9.268101988472656 164.95907211135963]
sphere2D_-73.0_-22.6_50.0_0.csv,281,"[-72.863772554471, -22.407577203578747, 50.07860099851144]",2.4035226992360926e6,209.3743722665038,[-6.424020284612197e-7 1.2676935412514467e-7 95990.00975588686],[0.3063710820425905 0.7658400673245158 14.375409187949415]
sphere2D_-76.3_-81.6_102.0_0.csv,206,"[-76.4643010529952, -81.60430787518374, 102.12609983376207]",8.032947604468733e6,157.9580730591891,[3.136665327474475e-7 3.090106588388153e-6 157314.2931649097],[0.7806600563737718 -0.0866212012534546 5.655702864726408]
sphere2D_-76.3_38.4_146.0_0.csv,764,"[-76.29506387106984, 38.33334667258702, 146.01983863442027]",6.733572825925484e7,629.3251675632412,[-5.319539923220873e-6 1.3292234257278324e-5 922281.9157717007],[0.943998874154758 -0.7426981556169555 16.219642211731525]
sphere2D_-77.3_-36.5_64.0_0.csv,137,"[-77.44213023987474, -36.591244793269304, 64.0483946770028]",2.2048869491999554e6,102.0454931058422,[-4.849498509429395e-7 -3.92288114881012e-7 68850.65458100692],[1.0334312505869725 -1.658451826383076 6.304700602609401]
sphere2D_-79.0_66.0_136.0_0.csv,590,"[-78.95541282423311, 65.99389820016135, 136.0142352210428]",4.795517701138949e7,497.43580126621293,[-2.9023794922977686e-7 9.359472535663826e-6 705149.3828365214],[0.16571173084056756 -0.8315983777125401 14.297968095389649]
sphere2D_-79.7_69.2_49.0_0.csv,100,"[-79.72835250196358, 69.33110817538537, 49.100517119319605]",946896.9250009072,81.62282052944784,[5.818510544486344e-7 5.161791705177166e-7 38569.73329705956],[0.3730004104503477 0.8821730187939412 5.997276860534541]
sphere2D_-8.2_-67.7_59.0_0.csv,684,"[-8.21952805774283, -67.60575527847789, 59.04068250154313]",8.499096247939182e6,519.7058976573445,[2.1761661628261209e-7 -8.733114782444318e-7 287906.43630048365],[-7.4247193794033794 2.7798466057529496 30.98758861176769]
sphere2D_-80.8_1.1_143.0_0.csv,118,"[-80.70830270714549, 1.251336254512239, 142.99690988831503]",1.0448022088670589e7,101.3700553449172,[1.7797574400901794e-6 2.261516215185111e-6 146129.3407958588],[-0.008275081399945705 0.16613542479583704 2.679792417577346]
sphere2D_-81.2_-1.5_105.0_0.csv,996,"[-81.19380307594315, -1.5217668668167614, 105.0537295055785]",4.274389451593812e7,783.2336801085447,[1.002703356789425e-6 5.887776097779351e-6 813753.0141377117],[-0.1942519609468023 1.6924459400743974 27.65759374991012]
sphere2D_-81.6_89.2_128.0_0.csv,307,"[-81.51421877835648, 89.23479299364604, 127.93816171888419]",1.8365909908674326e7,232.36901712981614,[1.2109812814742327e-6 -2.5845984055195004e-6 287106.04657811497],[-0.37375032662541585 -0.2310312830827347 6.574230829256436]
sphere2D_-83.0_-96.0_115.0_0.csv,401,"[-82.99288874498593, -95.92484439745822, 115.02363653313174]",1.9893347358876564e7,315.00212920770963,[-3.9046426536515355e-6 3.789395236708515e-6 345900.1638015141],[0.31368902641608276 0.5035388900531114 9.808037652326675]
sphere2D_-83.0_22.8_74.0_0.csv,904,"[-82.95457014046215, 22.78979052289396, 74.03491644553607]",1.9361068875896566e7,711.1744213322485,[-5.715774022974074e-7 1.0428356631564384e-6 523025.3454807274],[0.7925651896793435 -0.771345379816319 35.78304505919368]
sphere2D_-83.9_45.6_43.0_0.csv,657,"[-83.8461001720065, 45.67582539551521, 43.074729943074196]",4.585374215792124e6,503.39035993727646,[-2.2728636395186186e-7 4.190599156572716e-8 212903.21364021255],[1.640206445937015 -0.3225961465815824 43.038459033628456]
sphere2D_-87.8_-48.0_24.0_0.csv,901,"[-87.75903357961056, -48.00358109965055, 24.096913131513173]",2.211521855394989e6,736.0004011828731,[-1.2896034604636952e-6 2.5658601430222916e-6 183552.29513072156],[5.380556651949933 13.263461779533907 118.76710329972313]
sphere2D_-87.9_-79.6_97.0_0.csv,900,"[-87.90060899023773, -79.60537051909877, 96.9617194037462]",3.367885108091151e7,720.1212618140764,[-1.3618755474453792e-6 -5.929579707242283e-6 694683.454213738],[-1.4683239909609072 1.2477719741369238 27.71512544714963]
sphere2D_-88.4_34.1_135.0_0.csv,553,"[-88.37403552490045, 34.0265966377176, 134.93991682846337]",3.8898879698065005e7,435.14066664344335,[2.954226147267036e-6 -1.1008367266640562e-6 576536.2927785396],[-0.48333635089154203 0.6891750916295936 11.871138560944587]
sphere2D_-89.3_96.3_44.0_0.csv,289,"[-89.21895729445106, 96.08851201460102, 44.058971589409545]",2.1499935404455573e6,231.36019616156233,[1.6517788026249036e-6 -7.829296748695924e-7 97596.17453592063],[-2.262473803378412 -1.578770472684754 18.87048644245769]
sphere2D_-89.6_-67.3_117.0_0.csv,766,"[-89.68251336463976, -67.26920417097716, 117.02084089381519]",4.457979714282431e7,628.3645731482837,[6.586073141079396e-6 -5.972144037968974e-6 761912.0970675048],[0.9723225330097346 -0.6975558914540988 20.86165690060588]
sphere2D_-90.4_58.9_5.0_0.csv,546,"[-90.52458734289579, 58.81795929106674, 5.334876560387853]",51107.40828125476,424.21555307253595,[-2.7254091037320904e-6 -3.7175414036028087e-7 19159.734097517743],[-29.53594709902545 -12.347995306111066 264.9368448294765]
sphere2D_-92.2_-76.2_97.0_0.csv,116,"[-92.2383873127265, -76.43834576495843, 97.10862414540776]",3.860032038346702e6,87.15561914638964,[4.7220964916050434e-7 1.1502567076604464e-6 79499.26326967202],[0.27032253800739525 0.5558219548288685 3.155997387418921]
sphere2D_-93.4_21.7_70.0_0.csv,540,"[-93.4090338823736, 21.753686012423422, 70.0620407669278]",1.1645181949486367e7,451.4251374854608,[-8.812494343146682e-7 -1.908449576148996e-7 332424.8572289679],[-1.6091975717607214 -1.298290231598961 25.391357230767824]
sphere2D_-93.9_-92.2_66.0_0.csv,935,"[-93.87473425896633, -92.20557789476513, 66.04312084674095]",1.6102898317812877e7,740.9164793075081,[5.128178599989042e-6 2.303145760329528e-6 487648.01273687306],[-1.9345338812614585 -1.0382492457376165 41.94221811531938]
sphere2D_-94.6_73.4_58.0_0.csv,348,"[-94.66819511805674, 73.4214273535172, 58.08567263189721]",4.915676672857663e6,285.94080888960144,[-1.2613963917829096e-6 3.072145204896515e-7 169256.08157899661],[0.5365881845799398 -4.292958525015594 18.827981744237007]
sphere2D_-95.5_31.6_31.0_0.csv,58,"[-95.52141598866297, 31.503852983679504, 30.83462880039579]",240791.61484173298,52.48102693959848,[-1.497564880992286e-7 1.7733104584749526e-7 15618.259353288831],[2.713671505617026 1.3695510834524223 6.162791265866403]
sphere2D_-99.0_-59.5_65.0_0.csv,632,"[-98.89664267783277, -59.483778396168695, 65.07829856741284]",1.01659433538311e7,493.9994714618084,[2.069475158350542e-6 1.0510043466638308e-6 312421.9156782514],[0.1615970119121677 2.559447596043303 27.689366002804263]
sphere2D_1.0_5.1_106.0_0.csv,748,"[1.0012709656122525, 5.0844275529416905, 105.95957403740631]",3.2240082448690616e7,580.7871393865895,[-1.4430333976633847e-6 -1.1582698107304168e-6 608535.523881834],[0.10133525377801522 2.14022955408684 20.33011469552082]
sphere2D_1.7_-62.2_44.0_0.csv,26,"[1.4651495495938465, -62.219535065412444, 43.82450901288035]",177374.13203285352,20.07385696700255,[-1.590524334460497e-8 -2.1275667450026958e-8 8094.74588660048],[0.12758118355595194 0.9050062171562049 1.5828564577610535]
sphere2D_1.7_18.6_102.0_0.csv,858,"[1.7082537845100163, 18.615593508083645, 102.04276499800244]",3.5166978876366235e7,675.5189580700453,[1.8044374883174896e-8 2.335938944497684e-6 689259.6231995241],[-0.21653656413035804 -1.7470823512203915 24.820667755790254]
sphere2D_1.8_72.1_6.0_0.csv,688,"[1.8415027942785724, 72.12152287013126, 6.393843682912767]",112671.94415920295,567.3577009265148,[-1.6444630546175176e-8 2.070410491938901e-7 35243.88450354237],[20.32749594789977 15.844358320387423 332.7173312912699]
sphere2D_10.0_86.1_57.0_0.csv,688,"[10.0809990101763, 86.13390777535619, 57.06405127725955]",8.78635900692086e6,553.2844035003129,[-6.463087629526854e-7 -1.909129338173443e-6 307947.2561204249],[2.567130374942309 -0.07020505915169808 35.47433765476869]
sphere2D_11.0_-94.5_42.0_0.csv,994,"[11.03183902639, -94.48758856094612, 42.0851165313176]",6.778691567002992e6,769.0295398829293,[1.7233105609193444e-7 -2.6205088943243027e-7 322141.9887026082],[11.247962138412081 -1.9969602662219188 68.20938412072714]
sphere2D_11.4_33.0_149.0_0.csv,578,"[11.41816839185211, 32.92245020812762, 148.98962392384104]",5.228733055650001e7,467.2349770830982,[-3.550434485077858e-6 -5.029141902923584e-7 701892.241613376],[2.0561594137410655 -0.8539343378758204 11.857822957541032]
sphere2D_12.6_75.5_128.0_0.csv,785,"[12.5378202709438, 75.55696263022695, 128.08642807997362]",5.3231755291737795e7,638.1751661020182,[9.417417459189892e-7 -1.0074114697999903e-6 831184.9442603418],[0.05075782836276943 3.0581272200220218 19.001852119429685]
sphere2D_14.1_12.7_5.0_0.csv,289,"[14.187568366899788, 12.499540583821961, 5.404366566681304]",31556.913149971988,239.22101376725908,[5.677065928466618e-9 -6.436273736198928e-10 11678.302261919744],[21.811075962913193 -22.56418870574829 158.1760071628443]
sphere2D_14.2_59.3_72.0_0.csv,113,"[14.446293240915839, 59.174417490331834, 71.85608905143926]",2.280873000722245e6,88.21268067683658,[-1.2721284292638302e-7 -6.040639277671289e-8 63484.4737816285],[0.5896926240291311 0.5329262159004401 4.618671433879456]
sphere2D_14.9_35.0_20.0_0.csv,428,"[14.837525860731825, 34.97539216209441, 20.111413546938746]",629517.8997960392,330.91258658229185,[-1.8938408175017685e-8 -4.276972731531714e-8 62603.04859515502],[-1.5950084476565038 8.697779408168739 58.342740351142645]
sphere2D_17.4_-41.8_103.0_0.csv,23,"[17.37066857957638, -41.9074187957998, 103.24369437437312]",723124.5819471069,16.016338374045773,[4.064349923282862e-8 -9.101313480641693e-9 14008.111320174386],[0.2707144842894751 -0.1771482768946018 0.49337130826859266]
sphere2D_17.9_15.0_18.0_0.csv,611,"[17.896011547443692, 15.046218879032958, 18.214170861060264]",748767.9548454711,474.5376816964336,[-1.1168935998284724e-8 -3.876009913028611e-8 82218.17622739049],[-2.404118398437201 7.48418823048513 93.19424578071303]
sphere2D_20.1_95.3_120.0_0.csv,250,"[20.247607433205804, 95.13226169554878, 120.01392561425713]",1.4955974372051118e7,205.47514649774715,[-1.7211568774655461e-6 2.3856774760133703e-6 249237.3163410374],[-0.4961275374424825 1.1385810511321726 6.491315507772072]
sphere2D_20.4_64.0_136.0_0.csv,164,"[20.364210411586097, 64.026849077831, 136.11416913700273]",1.299987058211152e7,135.68094307497446,[-7.014023140072823e-8 9.19512785912957e-7 191014.2149716672],[0.2237763631291969 -0.23197545948407772 3.8647668414660643]
sphere2D_20.9_92.5_133.0_0.csv,843,"[20.993792660442992, 92.56063188814771, 133.05204685380912]",6.21140944448317e7,694.7269862582832,[-5.148297532286961e-6 1.059748083065415e-6 933681.1558110466],[-1.888020072060338 0.4829776664727404 19.77804395593398]
sphere2D_21.5_-4.6_34.0_0.csv,185,"[21.4092213819487, -4.517256873083019, 34.00081202311386]",801818.4169954789,146.3108528155669,[5.2787072490900755e-9 2.2376468677975936e-8 47164.66279981872],[1.064095293105681 -4.430239613941259 15.329346016298352]
sphere2D_22.9_-81.1_146.0_0.csv,756,"[22.889280972263226, -81.036756668426, 145.9914982626807]",6.3141213116248205e7,590.1702688170345,[2.2152671590447426e-6 -9.14494194148574e-6 864998.4946615801],[-1.029570776273843 -1.5433504425866968 15.22084657422613]
sphere2D_23.0_94.4_74.0_0.csv,283,"[23.20619150696818, 94.43119617920753, 74.05525178201071]",6.468700078026973e6,241.95373082508593,[-4.0126906242221594e-7 2.899845057413586e-7 174699.29336405572],[-0.1432181762716942 -1.162587655751865 11.942924941715688]
sphere2D_23.6_-96.0_58.0_0.csv,740,"[23.62004100086744, -96.02826084085117, 58.02387845321612]",1.0565599674987826e7,597.1009895743877,[-1.4864963304717094e-7 1.0566436969838833e-7 364181.0908394315],[2.3620796658221286 -1.4707874160314212 40.544359249842614]
sphere2D_24.1_74.1_114.0_0.csv,535,"[24.158970188082584, 74.06687460310604, 114.02813794659156]",2.659906299055119e7,423.21776809009657,[4.367539077065885e-7 -1.940335110361957e-6 466535.07580976904],[-0.8039596167269436 -1.075681676232211 13.454833804772136]
sphere2D_25.3_-4.1_77.0_0.csv,921,"[25.302965777269883, -4.183733352929995, 77.05177358201941]",2.1652174258155994e7,731.784034774998,[7.262053713930072e-7 3.1469782157955706e-7 562016.2457411387],[-0.8494051900817314 2.210042164399696 35.491411595879754]
sphere2D_25.6_-50.1_91.0_0.csv,345,"[25.497826981870585, -50.164685318494286, 91.09965000836837]",1.2642904629167788e7,294.8082912036998,[-1.4810939319431782e-7 -5.328649876901181e-7 277562.0900419052],[0.6768039490981019 -1.1467463835808318 12.538024301135067]
sphere2D_26.7_-54.5_22.0_0.csv,117,"[26.73538946260734, -54.58447583639092, 21.990863046809373]",229299.3472830593,95.74283414552161,[2.906563167925924e-8 -2.9665329748240765e-8 20854.056231774834],[1.5284684452321589 -0.45086202000311637 16.220604594024977]
sphere2D_27.2_86.1_93.0_0.csv,828,"[27.223811165740784, 86.05147710471064, 92.988952042889]",2.9590268289037533e7,678.2083346165164,[-2.18588684219867e-6 3.818511686404236e-6 636425.4599880344],[-2.0576938013400676 0.8334835807135546 27.60808758808298]
sphere2D_28.9_-24.6_120.0_0.csv,558,"[28.838785467546625, -24.695454588208964, 120.05398543036627]",3.3354710485335533e7,459.7775624352028,[-2.9666261980310082e-6 3.915490363937124e-6 555661.861046096],[1.6289401690075649 -1.3498221369286512 14.460286176356703]
sphere2D_29.0_64.4_114.0_0.csv,859,"[29.029769707172708, 64.32771122504342, 114.02398302964433]",4.474034321088511e7,678.6105369600402,[-2.808505087159574e-6 -4.686626198235899e-7 784753.2075673082],[-0.28819091894756976 -2.1992521965301135 22.643816916249307]
sphere2D_30.5_-82.5_86.0_0.csv,429,"[30.487978883331106, -82.39212811799295, 86.02806224598781]",1.2761222218362395e7,342.39207113325267,[-2.4015025701373816e-7 1.3740692565988866e-6 296675.80287702463],[1.5304115380536865 0.12248245499516944 15.026100498713618]
sphere2D_31.4_11.1_17.0_0.csv,764,"[31.4260960075025, 11.086550518750984, 17.109191291568386]",893558.5873305044,614.7730705760757,[-4.897572125628358e-8 -7.994928885590724e-9 104453.63221478452],[20.695049750742204 -6.269564648918474 134.48065790332961]
sphere2D_33.1_72.7_14.0_0.csv,254,"[33.0834736171079, 72.53175164535386, 14.218440133610237]",174310.9975152674,186.68068472700307,[3.3234954344152356e-8 -6.392891656048505e-7 24519.00432355372],[8.251305565010046 3.163177530583341 45.501972476616075]
sphere2D_36.7_-21.7_121.0_0.csv,340,"[36.72766839587337, -21.60700917586771, 121.03378208943647]",2.0061610254049987e7,270.24443427187214,[-7.134804036468267e-8 -1.0962981065176791e-6 331504.3107415812],[-0.46889341111145777 1.2009738541722574 8.488611838691298]
sphere2D_36.9_23.7_113.0_0.csv,144,"[36.82556216808729, 23.398540807313296, 113.16654506530097]",7.066435822207097e6,113.16036561228827,[2.338056219741702e-7 1.4379533084252216e-6 124885.59791428682],[0.2772152934605472 -0.3038401581188628 3.6563002860668803]
sphere2D_37.0_-7.0_62.0_0.csv,343,"[36.967661151375054, -6.987030088303564, 62.142928922817994]",6.051362112486924e6,286.37988906010077,[4.8165020416490734e-8 5.23690346199146e-7 194756.25682171885],[-4.940468947150853 -2.552020700117383 18.926061764232657]
sphere2D_38.0_-86.5_101.0_0.csv,941,"[38.02057752431846, -86.48059276264968, 101.01197945652008]",4.006061949920613e7,759.406103837056,[-1.2652308214455843e-6 -5.144431867165622e-7 793185.5155175042],[1.5169902201019494 2.3002807425358016 29.16307763384657]
sphere2D_38.0_27.3_85.0_0.csv,83,"[38.13912624610337, 27.18044868475655, 85.16131902812236]",2.5715416803814797e6,68.9626955691168,[8.9290551841259e-8 1.101826612170953e-7 60392.24637942106],[0.31055125618860835 0.1417498617043845 3.1242705636707058]
sphere2D_38.9_39.9_82.0_0.csv,136,"[38.94130409844998, 39.80325304652197, 81.938325706387]",3.7162772403382617e6,109.04856538102653,[-1.5915429685264826e-7 -1.784974301699549e-8 90709.13295603136],[-0.5253713687395676 0.5785770489046532 5.065128065132086]
sphere2D_40.5_-30.9_49.0_0.csv,400,"[40.529762641040925, -30.92466234441789, 48.97456198304745]",4.0458759319439353e6,328.71889325555543,[-1.2951204553246498e-9 2.0215281892888015e-7 165223.56783286558],[-2.669609650504877 -0.4361172756023669 25.844149536078476]
sphere2D_41.9_27.6_141.0_0.csv,32,"[41.49264579771461, 27.958977929167467, 140.89996519444563]",2.663869881444944e6,26.18381654348181,[4.313187673687935e-8 -1.4987807617217186e-7 37812.214897004334],[0.047525779306002214 -0.02821542589301274 0.7151688305804669]
sphere2D_42.3_-18.5_9.0_0.csv,48,"[42.46124740451979, -18.363482955552154, 9.042333154793528]",22436.62429697705,49.407717205345186,[1.888395217974903e-9 1.376804448227631e-8 4962.574130575149],[2.3164442061704076 -4.585151490673839 23.09950757149162]
sphere2D_42.7_-30.8_104.0_0.csv,486,"[42.78924691809063, -30.782025020697148, 103.95343316675562]",2.018026972033134e7,380.7954980964181,[-8.947390597313643e-7 -1.6198312664528203e-6 388255.9547212621],[2.463950217496555 0.24923850032603825 13.475844869612644]
sphere2D_44.2_-86.8_46.0_0.csv,264,"[44.36367350817366, -86.8408665755804, 45.94379403384252]",2.0701723395343241e6,202.4109291096526,[-1.9805770534730982e-7 -3.0504685236132367e-7 90117.60491373192],[-2.464252782556653 -1.3617887690464054 16.036112257151203]
sphere2D_45.5_-26.3_13.0_0.csv,121,"[45.55595009513999, -26.457503963869744, 13.310311627551444]",90675.84127365373,99.43159624963691,[-1.1008091860276181e-7 5.583027640199134e-8 13624.901326626024],[5.497804754502537 -7.582687948743938 29.286700631458352]
sphere2D_46.6_-86.5_101.0_0.csv,873,"[46.5210382737548, -86.53750003540517, 100.92145278018596]",3.186836119083019e7,661.1185188310126,[-9.333089110441506e-7 4.851623387480686e-7 631547.8089758747],[-1.8811881796397698 1.8926594068336327 23.251702659315526]
sphere2D_47.7_-85.1_45.0_0.csv,872,"[47.63290115692142, -85.16137621596395, 45.03844076328304]",7.054997065201739e6,690.925577631606,[-1.1452266335254535e-6 2.8889249534813644e-6 313287.8024103379],[2.746384377035519 -1.4598867357810625 58.05394490179525]
sphere2D_48.2_-6.0_127.0_0.csv,916,"[48.15374835923041, -6.006964691168703, 127.03332399487569]",5.83576397652025e7,732.5397007401839,[1.3750395737588406e-6 -1.1104611985501833e-7 918776.8678311433],[1.4961708903925972 2.6056153123355767 21.35600511209023]
sphere2D_48.8_33.8_64.0_0.csv,910,"[48.80547844135245, 33.77268547959842, 64.09184273516577]",1.516107034603719e7,723.7748272706319,[2.0260922610759735e-6 1.006686716209515e-6 473104.52310164255],[-5.033899797670337 2.913118985037962 43.23507968534631]
sphere2D_51.5_-39.1_67.0_0.csv,291,"[51.483696302032605, -38.95934197593182, 67.08359011547178]",5.0891939829037795e6,231.22033008004493,[3.58788383891806e-7 -1.581194553068599e-7 151726.94168951354],[-1.0541043852091831 0.26444650023911637 12.647952934221564]
sphere2D_51.5_18.2_76.0_0.csv,617,"[51.35858875946749, 18.16228424670096, 76.03081731197587]",1.5218797539863454e7,512.9867783143632,[1.0079238563776016e-6 9.120883532887092e-7 400332.3409607388],[2.557239577868918 -4.19583606528568 25.971742252580725]
sphere2D_51.8_16.5_106.0_0.csv,354,"[51.645659560284294, 16.450143389174634, 106.01362675179922]",1.5314255932489026e7,275.4186395017059,[1.3817043509334326e-6 -1.6198609955608845e-6 288911.0843896142],[0.21496283722325682 1.0270315633590803 9.635004955200799]
sphere2D_52.9_-50.4_147.0_0.csv,607,"[52.895007240924926, -50.4662821747363, 147.01884272388193]",4.933246616937245e7,471.70763147683004,[-8.513161446899176e-7 -1.1070319487771485e-6 671103.9925943146],[-0.7258933424948046 -0.6051025070174965 11.646393255168562]
sphere2D_53.3_-30.3_87.0_0.csv,157,"[53.2770484196266, -30.434794375359285, 87.12389845321843]",5.329911191083672e6,130.28229232745946,[2.026827132795006e-7 -6.866017798756729e-7 122352.44945886753],[-0.24690567925303097 -1.0381143565440827 6.045627566140297]
sphere2D_54.0_63.5_68.0_0.csv,784,"[53.98141833868601, 63.506836501353945, 68.00971995380547]",1.508868801205245e7,628.0152253637063,[2.0365550881251693e-6 -3.0143286267048097e-7 443721.51575184666],[-3.6615825917765648 -3.5440902451562297 35.98926401852515]
sphere2D_55.7_12.9_77.0_0.csv,662,"[55.73578685708858, 12.90051031297445, 77.08688843606296]",1.645571056568026e7,537.2516218967927,[1.005595549941063e-6 -3.1166041480901185e-7 426939.2862907691],[-0.6516675153535765 3.0736244903192955 26.94724466520978]
sphere2D_55.8_56.0_75.0_0.csv,330,"[55.76553036244312, 55.92464508948139, 74.880650623896]",6.991694328835105e6,256.88773888489817,[8.278148015961051e-7 8.102308868274122e-7 186742.34987404814],[1.117265474209768 -1.3816725594140835 12.505352267854363]
sphere2D_56.3_28.6_44.0_0.csv,992,"[56.25643964563436, 28.67509975010751, 44.08959977080813]",7.26597554214063e6,762.650605873349,[1.4003289834363386e-6 -5.44045292372175e-7 329600.43093537085],[-0.06687728818574978 3.3289350577296117 63.619110523315626]
sphere2D_59.0_-30.1_109.0_0.csv,951,"[58.93644236671328, -30.124058147385465, 109.02777494294476]",4.336009627197811e7,736.7081781354948,[-7.95800588093698e-7 -2.65380049313535e-6 795395.4172691606],[3.311413327908285 -2.2257498199471257 25.091858719033127]
sphere2D_6.2_-44.2_53.0_0.csv,653,"[6.150434606320921, -44.206643186761625, 53.06972334191387]",6.036962033369368e6,476.67687214903344,[-4.2976171243935823e-7 2.2257484033616493e-7 227510.58996435668],[-2.0096187955920266 -1.445436698066723 30.310685312305864]
sphere2D_60.2_-70.2_105.0_0.csv,222,"[60.25617334572037, -70.11925373316748, 104.9602764480277]",9.745256942623112e6,179.72715177045933,[-1.481229219280067e-7 -5.567324414812447e-7 185694.1935062022],[-0.4857382291528924 -0.01803190256780349 6.320786661339412]
sphere2D_61.7_-32.6_80.0_0.csv,515,"[61.59431662806957, -32.68498475310542, 80.0620678777615]",1.2364685965739673e7,394.8184264852397,[-8.91595846042037e-8 6.228850679690368e-8 308877.50700046617],[2.9766876639097655 0.9217404095513323 18.094029248065425]
sphere2D_63.5_-64.3_15.0_0.csv,547,"[63.48255174965772, -64.29733721796981, 15.197548040686273]",491569.83976995555,435.2846866120635,[-1.610846993571613e-7 -4.804482074405314e-7 64690.677527132175],[4.6107955637226805 -2.4254403676495087 105.27127121479639]
sphere2D_63.7_-7.4_60.0_0.csv,758,"[63.67092933150173, -7.376944994714718, 60.048436396295116]",1.1237898876845386e7,608.0160804969752,[-9.911072993418202e-7 -1.977080415827004e-6 374294.47130687634],[1.8757428268128382 1.2719255253111617 38.93917180957993]
sphere2D_64.6_-24.8_77.0_0.csv,547,"[64.6841684311644, -24.692748579704897, 76.95631968740126]",1.3210805228058228e7,444.7265210657787,[-4.841713234782219e-7 7.285939318535384e-8 343332.56272505235],[4.634387605197115 -0.012702810986008978 21.721938890879386]
sphere2D_66.3_-12.6_97.0_0.csv,712,"[66.27823034164112, -12.606249299911337, 96.98886473259492]",2.564884419898469e7,567.8377283049256,[1.1088413884863257e-6 9.09108052837837e-7 528902.864666804],[-0.47226091236306456 -0.7969814461395585 21.09583231874788]
sphere2D_7.5_-47.7_43.0_0.csv,832,"[7.490100865849952, -47.60198169764024, 43.050626611808]",6.400279949025745e6,673.3560457760993,[5.6554199545644224e-8 -5.981794117815298e-7 297337.3654556718],[-1.7085406298345083 3.0033711297075905 60.20933134952888]
sphere2D_71.0_91.9_137.0_0.csv,340,"[70.86450681584166, 91.92515929265281, 137.0618083824465]",2.4543165762601137e7,262.0620611547488,[2.624175976961851e-6 -3.1882096678259586e-6 358132.8169053317],[-0.13819757214344852 0.34693310603597977 7.152283117684135]
sphere2D_73.3_-12.6_41.0_0.csv,370,"[73.30255433365201, -12.63572183573436, 41.02071391907857]",2.6323632974301246e6,306.901710695949,[-1.435982994735241e-7 -4.884714144282043e-7 128343.12453096574],[0.20118419806414867 -1.690570000507586 28.632345395102746]
sphere2D_74.5_-80.9_67.0_0.csv,413,"[74.32197896335518, -80.89250948455857, 66.97071632893412]",7.511113866466755e6,340.6918959358442,[-2.2784588509239256e-6 -1.3045044227055769e-6 224310.39350688885],[3.793427320790747 -1.8665512611162907 18.767815403576833]
sphere2D_74.7_27.1_63.0_0.csv,132,"[74.87449813789229, 26.803100100284354, 62.94308345049068]",2.2780044974725368e6,110.00514958656396,[-1.369862729916349e-7 -3.035061979517195e-8 72382.99659362627],[-0.647544179488561 1.1902600246989972 6.8512583210104765]
sphere2D_77.3_-25.7_42.0_0.csv,962,"[77.33301448766706, -25.678316761259765, 42.05444491913832]",7.288738919988394e6,793.2767622870599,[1.4768738765269518e-6 5.381298251450062e-8 346633.46211985656],[-1.9097848667612851 1.1447215608902468 73.55734085309636]
sphere2D_79.0_-4.0_33.0_0.csv,664,"[79.03411740723685, -3.9470234027373476, 33.051029626178725]",2.9370822103127628e6,539.5217800515537,[-1.1901356629095972e-6 -1.3130777603009847e-6 177730.14901993092],[-3.1976643014653 -4.8753509870642615 61.12873541662146]
sphere2D_8.5_12.3_115.0_0.csv,579,"[8.427368423426847, 12.182512027981279, 115.07868174402624]",2.813847676058941e7,440.75795209422967,[1.6504054656252265e-6 -4.0920242128095197e-7 489030.2240899385],[-0.22139438245666687 -2.8986128589280353 13.856709449474437]
sphere2D_81.3_69.3_142.0_0.csv,985,"[81.32554869682357, 69.27492027536981, 141.9807408058067]",7.917175172476433e7,786.0410052204561,[5.162582965567708e-6 -2.5678862130007474e-6 1.1152463534839696e6],[0.4533023930976521 -1.2434988279595047 20.75172226415873]
sphere2D_82.0_50.7_66.0_0.csv,78,"[82.11956914727818, 51.04478886305374, 66.21453547199097]",1.1066904772433501e6,56.48352494971036,[2.598699211375788e-7 -9.287653313094779e-8 33427.41799333592],[0.21808938574906422 1.0179209195718404 2.8571862201260387]
sphere2D_85.0_-62.0_130.0_0.csv,235,"[84.96008862543846, -61.94197814389794, 130.05565525767128]",1.7931086755390454e7,203.89086783985977,[3.2225216273218393e-7 9.186635452351766e-9 275744.8220138178],[-0.11823244196269078 0.23555594757128392 6.114616035441827]
sphere2D_85.1_10.1_141.0_0.csv,281,"[85.05224425823518, 10.025512099671191, 140.97024962968632]",2.046103169686749e7,217.11492019573132,[9.65694198384881e-7 7.153650500413278e-6 290288.64956522954],[-0.09620509753633177 0.12620775623712632 5.477467713510123]
sphere2D_85.3_-79.8_131.0_0.csv,740,"[85.36457199819031, -79.8100062497652, 130.94312868884157]",4.482327910037838e7,554.1193571454254,[8.822360541671515e-6 3.7548802538367454e-6 684622.0882312453],[0.22191892115801792 0.8560359973457471 14.9765109502207]
sphere2D_85.9_64.6_82.0_0.csv,345,"[85.95097273301121, 64.6298514814557, 81.95493944788483]",1.0659495276320195e7,291.9770205581474,[-4.345201887190342e-7 -5.920273906667717e-7 260130.63637541304],[-1.0962432586686255 -0.056946335376651905 14.543690652951454]
sphere2D_86.4_-97.9_59.0_0.csv,690,"[86.43008941103473, -97.82294398244036, 59.11806096898983]",9.546112172948811e6,544.7336368249275,[4.45579644292593e-7 -5.8033037930727e-7 322950.78750809864],[-0.3697328988519075 2.270312015102352 34.672960550709064]
sphere2D_88.9_84.8_17.0_0.csv,629,"[88.93549693208408, 84.84035563191343, 17.17721233532321]",728222.7912408024,497.7508582392209,[2.402000973233953e-6 -6.376190810897242e-7 84789.40318133145],[5.89074818926915 -0.2512376218408867 108.08845303997083]
sphere2D_90.3_-26.0_110.0_0.csv,679,"[90.28073654398132, -26.005845052269944, 110.01495584511495]",3.49529214808186e7,560.9722330834503,[2.1454470697790384e-6 6.365427452692529e-6 635421.269995174],[-1.3636159266791266 -1.4817229970268495 19.685984588403556]
sphere2D_90.9_29.4_64.0_0.csv,111,"[90.83533374838503, 29.415207640127054, 64.11458603122587]",1.6778345145469897e6,86.88723000856713,[1.2808595784008503e-7 -2.536690146826004e-7 52338.62115857904],[1.3997401919792845 -0.46190238350650875 4.779692842305806]
sphere2D_91.0_26.7_108.0_0.csv,378,"[90.95240858161155, 26.715772223321583, 108.01786088091526]",1.7191106543898493e7,299.55524841140823,[3.3573633118066937e-7 2.5807252228560174e-6 318301.184707379],[0.2383652633034462 -1.359405900711956 10.237585563506968]
sphere2D_92.4_-65.9_61.0_0.csv,641,"[92.50828005672449, -65.87017222054021, 61.04559849916561]",9.864300636778025e6,519.7133451836119,[-2.025077264988795e-6 1.396217612636974e-7 323178.1120779885],[-1.9159198178626689 -1.690391935918271 32.504117544963705]
sphere2D_92.6_87.3_112.0_0.csv,618,"[92.60984925649382, 87.21798785234135, 112.03266855059964]",2.9417650055888116e7,481.08999434385623,[-4.399786121211946e-6 -6.693019500403352e-6 525161.998498181],[-0.18210642216390216 -2.4258526088580057 15.683324197946064]
sphere2D_93.1_66.6_52.0_0.csv,92,"[93.16339633148097, 66.37202828168452, 51.949256903877966]",1.0599510784398755e6,74.79833381765883,[-3.991608537035063e-7 -4.2265358501936134e-7 40807.16998282795],[0.6588049264034077 0.866249484144094 5.6806201432905254]
sphere2D_93.4_46.0_142.0_0.csv,668,"[93.49435410178239, 46.0452182282151, 142.0609529962558]",5.259881734452347e7,525.0651745945382,[4.000845365226269e-6 -7.45655279388302e-6 740510.5517824105],[0.9630681690937788 1.3752288996433535 13.762828223746112]
sphere2D_93.4_94.4_20.0_0.csv,944,"[93.39037206436473, 94.38820266564068, 20.090369169871263]",1.514257982201338e6,749.1491002963131,[-4.230400008964352e-6 -5.64919230328087e-6 150744.66476785374],[11.590974722431252 -2.1788745350582395 140.49406110508914]
sphere2D_96.0_-86.1_86.0_0.csv,932,"[96.0288782050618, -86.10905413672258, 86.05895136972792]",2.8126840779212143e7,749.4138545590847,[7.400012691505253e-8 -3.0915426805222523e-6 653664.5016385363],[-4.566297601687985 -4.141189416826612 33.10117183027816]
sphere2D_98.2_74.2_134.0_0.csv,159,"[98.25702662410632, 74.2151021563542, 134.07697740217085]",1.1945064600288972e7,125.62589558081604,[-3.283785190433264e-7 -1.055407437888789e-6 178182.1880522439],[-0.6300503497818433 -0.8026765459398844 3.7197356804562673]
sphere2D_98.3_41.6_110.0_0.csv,756,"[98.29910962879809, 41.60189382541282, 110.00799808988413]",3.733682609689613e7,613.7128537910684,[3.817141987383366e-6 5.00880548415239e-6 678802.0279429766],[-1.170220047736998 0.027019200952833687 21.033862940074926]
